End of Period,Loan Number,Country,Borrower,Loan Type,Loan Status,Interest Rate,Currency of Commitment,Project ID,Project Name,Original Principal Amount,Cancelled Amount,Undisbursed Amount,Disbursed Amount,Repaid to IBRD,Due to IBRD,Loans Held,First Repayment Date,Last Repayment Date,Agreement Signing Date,Board Approval Date,Effective Date (Most Recent),Closed Date (Most Recent),Last Disbursement Date
02/28/2014,IBRD00170,India,CONTROLLER OF AID ACCOUNTS & AUDIT,NON-POOL,REPAID,4,USD,P009588,RAILWAY,$34000000.00,$1200000.00,$0.00,$32800000.00,$15056370.48,$0.00,$0.00,08/15/1950,08/15/1964,08/18/1949,08/18/1949,11/02/1949,03/31/1951,
02/28/2014,IBRD00190,India,CONTROLLER OF AID ACCOUNTS & AUDIT,NON-POOL,REPAID,3.5,USD,P009586,FARM IMPROVEMENT,$10000000.00,$2796186.73,$0.00,$7203813.27,$2263000.00,$0.00,$0.00,06/01/1952,12/01/1956,09/29/1949,09/27/1949,12/01/1949,12/31/1953,
02/28/2014,IBRD00230,India,CONTROLLER OF AID ACCOUNTS & AUDIT,NON-POOL,REPAID,4,USD,P009587,BOKAROKONAR POWER,$18500000.00,$1779500.00,$0.00,$16720500.00,$10851500.00,$0.00,$0.00,04/15/1955,04/15/1970,04/18/1950,04/18/1950,02/21/1951,02/29/1956,
02/28/2014,IBRD00710,India,CONTROLLER OF AID ACCOUNTS & AUDIT,NON-POOL,REPAID,4.75,USD,P009590,INDIAN IRON & STEEL,$31500000.00,$2297111.52,$0.00,$29202888.48,$28502888.48,$0.00,$0.00,04/15/1959,10/15/1967,12/18/1952,12/17/1952,10/29/1954,12/31/1960,
02/28/2014,IBRD00720,India,CONTROLLER OF AID ACCOUNTS & AUDIT,NON-POOL,REPAID,4.88,USD,P009589,IRRIGATION,$19500000.00,$9000000.00,$0.00,$10500000.00,$9655000.00,$0.00,$0.00,07/15/1956,01/15/1981,01/23/1953,01/23/1953,03/22/1954,06/30/1958,
02/28/2014,IBRD01060,India,CONTROLLER OF AID ACCOUNTS & AUDIT,NON-POOL,REPAID,4.75,USD,P009592,TROMBAY POWER,$16200000.00,$2356679.69,$0.00,$13843320.31,$12479320.31,$0.00,$0.00,10/15/1958,10/15/1974,11/19/1954,11/19/1954,12/07/1955,09/30/1966,
02/28/2014,IBRD01090,India,CONTROLLER OF AID ACCOUNTS & AUDIT,NON-POOL,REPAID,4.63,USD,P009591,ICICI I (DFC),$10000000.00,$124551.48,$0.00,$9875448.52,$9875448.52,$0.00,$0.00,07/01/1961,07/01/1969,03/14/1955,12/21/1954,12/28/1955,12/31/1964,
02/28/2014,IBRD01460,India,CONTROLLER OF AID ACCOUNTS & AUDIT,NON-POOL,REPAID,4.75,USD,P009593,TATA IRON & STEEL CO,$75000000.00,$0.00,$0.00,$75000000.00,$68718000.00,$0.00,$0.00,12/01/1959,06/01/1971,06/26/1956,06/26/1956,11/20/1956,03/31/1959,
02/28/2014,IBRD01590,India,CONTROLLER OF AID ACCOUNTS & AUDIT,NON-POOL,REPAID,5,USD,P009594,INDIAN IRON & STEEL,$20000000.00,$54723.14,$0.00,$19945276.86,$18063276.86,$0.00,$0.00,04/15/1960,10/15/1967,12/19/1956,12/18/1956,07/02/1957,12/15/1963,
02/28/2014,IBRD01610,India,CONTROLLER OF AID ACCOUNTS & AUDIT,NON-POOL,REPAID,5.5,USD,P009596,AIR INDIA,$5600000.00,$0.00,$0.00,$5600000.00,$5600000.00,$0.00,$0.00,10/01/1963,04/01/1965,03/05/1957,03/04/1957,06/28/1957,12/31/1959,
02/28/2014,IBRD01640,India,CONTROLLER OF AID ACCOUNTS & AUDIT,NON-POOL,REPAID,5.63,USD,P009595,TROMBAY POWER EXT PR,$9800000.00,$142400.82,$0.00,$9657599.18,$8847599.18,$0.00,$0.00,04/15/1960,04/15/1975,05/29/1957,05/28/1957,11/28/1957,09/30/1966,
02/28/2014,IBRD01670,India,CONTROLLER OF AID ACCOUNTS & AUDIT,NON-POOL,REPAID,5.63,USD,P009600,RAILWAY II A,$24000000.00,$0.00,$0.00,$24000000.00,$24000000.00,$0.00,$0.00,07/01/1961,01/01/1981,07/12/1957,07/12/1957,09/07/1957,12/31/1958,
02/28/2014,IBRD01680,India,CONTROLLER OF AID ACCOUNTS & AUDIT,NON-POOL,REPAID,5.63,USD,P009601,RAILWAY II B,$19110000.00,$0.00,$0.00,$19110000.00,$19110000.00,$0.00,$0.00,07/01/1961,01/01/1981,07/12/1957,07/12/1957,09/07/1957,12/31/1958,
02/28/2014,IBRD01690,India,CONTROLLER OF AID ACCOUNTS & AUDIT,NON-POOL,REPAID,5.63,USD,P009602,RAILWAY II C,$11200000.00,$0.00,$0.00,$11200000.00,$11200000.00,$0.00,$0.00,07/01/1961,01/01/1981,07/12/1957,07/12/1957,09/07/1957,12/31/1958,
02/28/2014,IBRD01700,India,CONTROLLER OF AID ACCOUNTS & AUDIT,NON-POOL,REPAID,5.63,USD,P009603,RAILWAY II D,$35700000.00,$0.00,$0.00,$35700000.00,$29538000.00,$0.00,$0.00,07/01/1961,01/01/1981,07/12/1957,07/12/1957,09/07/1957,12/31/1958,
02/28/2014,IBRD01820,India,CONTROLLER OF AID ACCOUNTS & AUDIT,NON-POOL,REPAID,6,USD,P009597,TATA IRON & STEEL CO,$32500000.00,$0.00,$0.00,$32500000.00,$16625000.00,$0.00,$0.00,10/01/1960,04/01/1971,11/20/1957,11/19/1957,02/16/1958,09/30/1959,
02/28/2014,IBRD01980,India,CONTROLLER OF AID ACCOUNTS & AUDIT,NON-POOL,REPAID,5.5,USD,P009598,CALCUTTA PORT,$29000000.00,$0.00,$0.00,$29000000.00,$27837000.00,$0.00,$0.00,04/15/1963,04/15/1978,06/25/1958,04/15/1958,10/02/1958,12/31/1965,
02/28/2014,IBRD01990,India,CONTROLLER OF AID ACCOUNTS & AUDIT,NON-POOL,REPAID,5.5,USD,P009599,MADRAS PORT,$14000000.00,$3534151.40,$0.00,$10465848.60,$9673848.60,$0.00,$0.00,04/01/1963,04/01/1978,06/25/1958,04/15/1958,10/02/1958,06/30/1966,
02/28/2014,IBRD02030,India,CONTROLLER OF AID ACCOUNTS & AUDIT,NON-POOL,REPAID,5.38,USD,P009605,POWER,$25000000.00,$3000000.00,$0.00,$22000000.00,$20097328.70,$0.00,$0.00,08/01/1961,02/01/1981,07/23/1958,07/22/1958,09/26/1958,06/30/1965,
02/28/2014,IBRD02070,India,CONTROLLER OF AID ACCOUNTS & AUDIT,NON-POOL,REPAID,5.75,USD,P009606,RAILWAY,$85000000.00,$0.00,$0.00,$85000000.00,$67183421.94,$0.00,$0.00,01/15/1963,01/15/1981,09/16/1958,09/12/1958,10/14/1958,06/30/1959,
02/28/2014,IBRD02230,India,CONTROLLER OF AID ACCOUNTS & AUDIT,NON-POOL,REPAID,5.75,USD,P009604,KOYNA POWER,$25000000.00,$6300000.00,$0.00,$18700000.00,$17399000.00,$0.00,$0.00,05/01/1965,05/01/1984,04/08/1959,04/07/1959,07/16/1959,04/30/1965,
02/28/2014,IBRD02320,India,CONTROLLER OF AID ACCOUNTS & AUDIT,NON-POOL,REPAID,0,USD,P009607,ICICI II (DFC),$10000000.00,$232269.47,$0.00,$9767730.53,$9767730.53,$0.00,$0.00,10/01/1962,10/01/1969,07/15/1959,07/14/1959,12/11/1959,03/31/1966,
02/28/2014,IBRD02330,India,SENIOR ACCOUNTS OFFICER - MIN OF FIN,NON-POOL,REPAID,6,USD,P009608,RAILWAY,$50000000.00,$0.00,$0.00,$50000000.00,$46038000.00,$0.00,$0.00,01/15/1963,07/15/1979,07/15/1959,07/14/1959,09/17/1959,06/30/1960,
02/28/2014,IBRD02620,India,CONTROLLER OF AID ACCOUNTS & AUDIT,NON-POOL,REPAID,5.75,USD,P009611,RAILWAY V,$70000000.00,$0.00,$0.00,$70000000.00,$60345200.76,$0.00,$0.00,01/15/1964,07/15/1980,07/29/1960,07/28/1960,10/13/1960,01/31/1962,
02/28/2014,IBRD02690,India,CONTROLLER OF AID ACCOUNTS & AUDIT,NON-POOL,REPAID,0,USD,P009609,ICICI III (DFC),$20000000.00,$688892.43,$0.00,$19311107.57,$19311107.57,$0.00,$0.00,11/01/1963,11/01/1970,10/28/1960,10/27/1960,02/02/1961,10/31/1967,
02/28/2014,IBRD02920,India,SENIOR ACCOUNTS OFFICER - MIN OF FIN,NON-POOL,REPAID,5.75,USD,P009618,COAL MINING,$35000000.00,$6211812.54,$0.00,$28788187.46,$26417187.46,$0.00,$0.00,05/15/1966,11/15/1977,08/09/1961,08/08/1961,10/18/1961,12/31/1966,
02/28/2014,IBRD02940,India,THE COMMISSIONERS FOR THE PORT,NON-POOL,REPAID,5.75,USD,P009621,CALCUTTA PORT II,$21000000.00,$2162962.98,$0.00,$18837037.02,$17751037.02,$0.00,$0.00,05/15/1966,05/15/1986,08/17/1961,07/06/1961,09/27/1961,07/31/1968,
02/28/2014,IBRD02980,India,CONTROLLER OF AID ACCOUNTS & AUDIT,NON-POOL,REPAID,5.75,USD,P009622,RAILWAY VI,$50000000.00,$0.00,$0.00,$50000000.00,$43207000.00,$0.00,$0.00,02/15/1965,08/15/1981,10/13/1961,10/12/1961,12/12/1961,12/31/1962,
02/28/2014,IBRD03070,India,CONTROLLER OF AID ACCOUNTS & AUDIT,NON-POOL,REPAID,5.75,USD,P009619,COAL MINING,$19500000.00,$928960.29,$0.00,$18571039.71,$18171039.71,$0.00,$0.00,02/01/1967,02/01/1974,12/22/1961,12/21/1961,09/17/1963,12/31/1973,
02/28/2014,IBRD03120,India,CONTROLLER OF AID ACCOUNTS & AUDIT,NON-POOL,REPAID,0,USD,P009617,ICICI IV (DFC),$20000000.00,$957081.54,$0.00,$19042918.46,$19042918.46,$0.00,$0.00,04/15/1965,04/15/1977,02/28/1962,02/27/1962,05/21/1962,12/31/1967,
02/28/2014,IBRD03400,India,CONTROLLER OF AID ACCOUNTS & AUDIT,NON-POOL,REPAID,0,USD,P009625,ICICI V (DFC),$30000000.00,$3066466.09,$0.00,$26933533.91,$26933533.91,$0.00,$0.00,06/01/1965,12/01/1977,06/05/1963,06/04/1963,09/17/1963,04/30/1978,
02/28/2014,IBRD04140,India,ICICI BANK LIMITED,NON-POOL,REPAID,5.5,USD,P009632,ICICI VI (DFC),$50000000.00,$2762498.38,$0.00,$47237501.62,$47237501.62,$0.00,$0.00,02/01/1968,08/01/1980,05/28/1965,05/27/1965,08/20/1965,06/30/1973,
02/28/2014,IBRD04160,India,CONTROLLER OF AID ACCOUNTS & AUDIT,NON-POOL,REPAID,5.5,USD,P009633,POWER TRANSMISSION,$70000000.00,$20000000.00,$0.00,$50000000.00,$47784628.35,$0.00,$0.00,11/15/1971,11/15/1991,06/11/1965,06/08/1965,07/27/1965,12/31/1970,
02/28/2014,IBRD04170,India,CONTROLLER OF AID ACCOUNTS & AUDIT,NON-POOL,REPAID,5.5,USD,P009634,KOTHAGUDEM POWER II,$14000000.00,$25352.99,$0.00,$13974647.01,$13974647.01,$0.00,$0.00,12/01/1971,12/01/1991,06/11/1965,06/08/1965,08/03/1965,12/31/1970,
02/28/2014,IBRD04560,India,CONTROLLER OF AID ACCOUNTS & AUDIT,NON-POOL,REPAID,6,USD,P009639,INDIAN IRON & STEEL,$30000000.00,$28256981.39,$0.00,$1743018.61,$1743018.61,$0.00,$0.00,11/15/1971,05/15/1984,07/07/1966,07/07/1966,03/16/1967,06/30/1973,
02/28/2014,IBRD05150,India,ICICI BANK LIMITED,NON-POOL,REPAID,0,USD,P009642,ICICI VII (DFC),$25000000.00,$1097864.55,$0.00,$23902135.45,$23902135.45,$0.00,$0.00,01/01/1970,01/01/1983,09/19/1967,09/12/1967,11/14/1967,12/31/1973,
02/28/2014,IBRD06140,India,CONTROLLER OF AID ACCOUNTS & AUDIT,NON-POOL,REPAID,6.5,USD,P009643,TARAI SEEDS,$13000000.00,$1550238.27,$0.00,$11449761.73,$11449761.73,$0.00,$0.00,06/15/1979,06/15/1999,06/18/1969,06/10/1969,09/12/1969,12/31/1977,
02/28/2014,IBRD06150,India,CONTROLLER OF AID ACCOUNTS & AUDIT,NON-POOL,REPAID,6.5,USD,P009644,TELECOMMUNICATIONS I,$27500000.00,$0.00,$0.00,$27500000.00,$27500000.00,$0.00,$0.00,06/15/1979,12/15/1998,06/18/1969,06/17/1969,07/14/1969,06/30/1973,
02/28/2014,IBRD06830,India,ICICI BANK LIMITED,NON-POOL,REPAID,7,USD,P009649,ICICI VIII DFC,$40000000.00,$1174486.62,$0.00,$38825513.38,$38825513.38,$0.00,$0.00,11/01/1971,11/01/1987,06/03/1970,06/03/1970,08/31/1970,09/30/1974,
02/28/2014,IBRD07890,India,ICICI BANK LIMITED,NON-POOL,REPAID,7.25,USD,P009663,DFC ICICI IX,$60000000.00,$3280437.88,$0.00,$56719562.12,$56719562.12,$0.00,$0.00,09/01/1972,03/01/1989,10/27/1971,10/26/1971,12/20/1971,12/31/1976,
02/28/2014,IBRD09020,India,ICICI BANK LIMITED,NON-POOL,REPAID,7.25,USD,P009675,DFC-ICICI X,$70000000.00,$7464997.07,$0.00,$62535002.93,$62535002.93,$0.00,$0.00,10/01/1974,04/01/1991,06/08/1973,06/07/1973,08/16/1973,12/31/1978,
02/28/2014,IBRD10110,India,CONTROLLER OF AID ACCOUNTS & AUDIT,NON-POOL,REPAID,7.25,USD,P009682,CHAMBAL I RAJASTHAN,$52000000.00,$0.00,$0.00,$52000000.00,$52000000.00,$0.00,$0.00,07/01/1981,01/01/1999,06/19/1974,06/18/1974,12/12/1974,06/30/1982,
02/28/2014,IBRD10790,India,INDIAN FARMERS FERT. COOP. LTD,NON-POOL,REPAID,8,USD,P009698,IFFCO FERTILIZER,$109000000.00,$0.00,$0.00,$109000000.00,$99931602.21,$0.00,$0.00,01/01/1980,07/01/1990,01/24/1975,01/07/1975,04/28/1975,12/31/1980,
02/28/2014,IBRD10970,India,ICICI BANK LIMITED,NON-POOL,REPAID,8.5,USD,P009697,DFC-ICICI XI,$100000000.00,$6192774.33,$0.00,$93807387.25,$93807387.25,$0.00,$0.00,11/15/1976,11/15/1992,04/02/1975,04/01/1975,07/01/1975,06/30/1981,
02/28/2014,IBRD12510,India,CONTROLLER OF AID ACCOUNTS & AUDIT,NON-POOL,REPAID,8.5,USD,P009701,CAD ANDHRA PRADESH,$145000000.00,$8550702.18,$0.00,$136449297.82,$136449297.82,$0.00,$0.00,01/15/1983,01/15/2001,06/10/1976,05/04/1976,09/07/1976,06/30/1985,
02/28/2014,IBRD12600,India,CONTROLLER OF AID ACCOUNTS & AUDIT,NON-POOL,REPAID,8.5,USD,P009705,DFC-IDBI SFC II,$26711772.78,$0.00,$0.00,$26711772.78,$26711772.78,$0.00,$0.00,07/01/1979,01/01/1994,06/10/1976,05/18/1976,08/10/1976,05/18/1981,
02/28/2014,IBRD12605,India,CONTROLLER OF AID ACCOUNTS & AUDIT,POOL LOAN,REPAID,8.5,USD,P009705,DFC-IDBI SFC II,$13288227.22,$0.00,$0.00,$13288227.22,$13288227.22,$0.00,$0.00,07/01/1979,01/01/1994,03/02/1981,05/18/1976,05/18/1981,03/31/1983,
02/28/2014,IBRD12730,India,CONTROLLER OF AID ACCOUNTS & AUDIT,NON-POOL,REPAID,8.5,USD,P009703,NATIONAL SEEDS I,$2509055.55,$0.00,$0.00,$2509055.55,$2509055.55,$0.00,$0.00,06/15/1981,12/15/1995,06/10/1976,05/27/1976,10/08/1976,05/18/1981,
02/28/2014,IBRD12735,India,CONTROLLER OF AID ACCOUNTS & AUDIT,POOL LOAN,REPAID,8.5,USD,P009703,NATIONAL SEEDS I,$22490944.45,$3658609.90,$0.00,$18832334.55,$18832334.55,$0.00,$0.00,06/15/1981,12/15/1995,02/02/1981,05/27/1976,05/18/1981,06/30/1984,
02/28/2014,IBRD13130,India,CONTROLLER OF AID ACCOUNTS & AUDIT,NON-POOL,REPAID,8.85,USD,P009720,TELECOMMUNICATIONS V,$80000000.00,$0.00,$0.00,$80000000.00,$75915413.80,$0.00,$0.00,06/15/1979,12/15/1998,07/22/1976,07/06/1976,09/14/1976,03/31/1983,
02/28/2014,IBRD13350,India,BOMBAY METRO.REGION DEV.AUTH.,NON-POOL,REPAID,8.7,USD,P009723,BOMBAY URBAN TRANSPO,$25000000.00,$0.00,$0.00,$25000000.00,$25000000.00,$0.00,$0.00,04/01/1981,04/01/1996,12/20/1976,10/26/1976,03/10/1977,06/30/1984,
02/28/2014,IBRD13940,India,CONTROLLER OF AID ACCOUNTS & AUDIT,NON-POOL,REPAID,8.5,USD,P009714,GUJARAT FISHERIES,$14000000.00,$1580492.95,$0.00,$12419507.05,$12419507.05,$0.00,$0.00,01/15/1983,01/15/2001,04/22/1977,03/31/1977,07/19/1977,06/30/1984,
02/28/2014,IBRD14730,India,CONTROLLER OF AID ACCOUNTS & AUDIT,NON-POOL,REPAID,8.2,USD,P009721,BOMBAY HIGH-GAS,$150000000.00,$0.00,$0.00,$150000000.00,$141309218.88,$0.00,$0.00,01/01/1981,07/01/1997,06/30/1977,06/30/1977,10/20/1977,12/31/1980,
02/28/2014,IBRD14750,India,ICICI BANK LIMITED,NON-POOL,REPAID,8.2,USD,P009737,DFC ICICI XII,$80000000.00,$3988918.19,$0.00,$76011081.81,$76011081.81,$0.00,$0.00,04/15/1979,04/15/1994,07/22/1977,07/05/1977,10/04/1977,03/31/1983,
02/28/2014,IBRD15110,India,CONTROLLER OF AID ACCOUNTS & AUDIT,NON-POOL,REPAID,7.45,USD,P009738,DFC-IDBI SPECIAL,$6095828.23,$0.00,$0.00,$6095828.23,$6095828.23,$0.00,$0.00,07/01/1981,01/01/1995,03/01/1978,01/19/1978,05/31/1978,05/18/1981,
02/28/2014,IBRD15115,India,CONTROLLER OF AID ACCOUNTS & AUDIT,POOL LOAN,REPAID,7.45,USD,P009738,DFC-IDBI SPECIAL,$18904171.77,$1374581.11,$0.00,$17529590.66,$17529590.66,$0.00,$0.00,07/01/1981,01/01/1995,03/31/1981,01/19/1978,05/18/1981,03/31/1984,
02/28/2014,IBRD15490,India,TATA ELECTRIC COMPANIES,NON-POOL,REPAID,7.5,USD,P009739,3RD TROMBAY POWER PR,$42043003.32,$0.00,$0.00,$42043003.32,$42043003.32,$0.00,$0.00,01/01/1984,07/01/1998,06/19/1978,04/18/1978,02/08/1979,06/17/1981,
02/28/2014,IBRD15495,India,TATA ELECTRIC COMPANIES,POOL LOAN,REPAID,7.5,USD,P009739,3RD TROMBAY POWER PR,$62956996.68,$0.00,$0.00,$62956996.68,$62956996.68,$0.00,$0.00,01/01/1984,07/01/1998,04/30/1981,04/18/1978,06/17/1981,12/31/1984,
02/28/2014,IBRD15920,India,CONTROLLER OF AID ACCOUNTS & AUDIT,NON-POOL,REPAID,7.5,USD,P009736,TELECOMMUNICATIONS V,$66134508.87,$0.00,$0.00,$66134508.87,$66134508.87,$0.00,$0.00,01/15/1982,07/15/1998,06/19/1978,06/08/1978,10/30/1978,05/20/1981,
02/28/2014,IBRD15925,India,CONTROLLER OF AID ACCOUNTS & AUDIT,POOL LOAN,REPAID,7.5,USD,P009736,TELECOMMUNICATIONS V,$53865491.13,$7230786.37,$0.00,$46634704.76,$46634704.76,$0.00,$0.00,01/15/1982,07/15/1998,03/31/1981,06/08/1978,05/20/1981,06/30/1984,
02/28/2014,IBRD16480,India,CONTROLLER OF AID ACCOUNTS & AUDIT,NON-POOL,CANCELLED,7.35,USD,P009750,RAMAGUNDAM THERMAL I,$0.00,$0.00,$0.00,$0.00,$0.00,$0.00,$0.00,06/15/1984,12/15/1998,02/02/1979,01/04/1979,05/22/1979,05/18/1981,
02/28/2014,IBRD16485,India,CONTROLLER OF AID ACCOUNTS & AUDIT,POOL LOAN,REPAID,7.35,USD,P009750,RAMAGUNDAM THERMAL I,$50000000.00,$0.00,$0.00,$50000000.00,$50000000.00,$0.00,$0.00,06/15/1984,12/15/1998,03/05/1981,01/04/1979,05/18/1981,06/30/1987,
02/28/2014,IBRD17430,India,CONTROLLER OF AID ACCOUNTS & AUDIT,NON-POOL,CANCELLED,7.9,USD,P009748,THAL FERTILIZER,$250000000.00,$250000000.00,$0.00,$0.00,$0.00,$0.00,$0.00,10/15/1984,04/15/1999,08/20/1979,06/26/1979,12/31/1980,11/30/1984,
02/28/2014,IBRD18430,India,ICICI BANK LIMITED,NON-POOL,REPAID,8.25,USD,P009764,ICICI XIII,$100000000.00,$4329148.60,$0.00,$95670851.40,$95670851.40,$0.00,$0.00,08/15/1981,02/15/1997,05/16/1980,05/13/1980,06/27/1980,12/31/1985,
02/28/2014,IBRD18870,India,CONTROLLER OF AID ACCOUNTS & AUDIT,NON-POOL,REPAID,8.25,USD,P009768,FARRAKA THERMAL,$25000000.00,$12216283.43,$0.00,$12783716.57,$12783716.57,$0.00,$0.00,10/01/1985,04/01/2000,07/11/1980,06/26/1980,12/10/1980,06/30/1989,02/01/1990
02/28/2014,IBRD18970,India,CONTROLLER OF AID ACCOUNTS & AUDIT,NON-POOL,REPAID,8.25,USD,P009772,KANDI WATERSHED,$30000000.00,$3934546.11,$0.00,$26065453.89,$26065453.89,$0.00,$0.00,03/15/1986,09/15/2000,09/12/1980,07/22/1980,11/18/1980,03/31/1988,10/14/1988
02/28/2014,IBRD19250,India,CONTROLLER OF AID ACCOUNTS & AUDIT,POOL LOAN,REPAID,9.25,USD,P009780,BOMBAY HIGH II,$400000000.00,$0.00,$0.00,$400000000.00,$400000000.00,$0.00,$0.00,07/01/1986,01/01/2001,12/11/1980,12/09/1980,02/24/1981,03/31/1984,
02/28/2014,IBRD20500,India,CONTROLLER OF AID ACCOUNTS & AUDIT,POOL LOAN,REPAID,10.6,USD,P009791,TAMIL NADU NEWSPRINT,$100000000.00,$0.00,$0.00,$100000000.00,$100000000.00,$0.00,$0.00,01/01/1987,07/01/2001,09/23/1981,09/15/1981,03/22/1982,08/31/1985,
02/28/2014,IBRD20510,India,ICICI BANK LIMITED,POOL LOAN,REPAID,10.6,USD,P009789,DFC ICICI XIV,$150000000.00,$2107840.92,$0.00,$147892159.08,$147892159.08,$0.00,$0.00,01/15/1983,01/15/1999,10/08/1981,10/06/1981,12/03/1981,03/31/1988,
02/28/2014,IBRD20760,India,CONTROLLER OF AID ACCOUNTS & AUDIT,POOL LOAN,REPAID,11.6,USD,P009793,RAMAGUNDAM II,$300000000.00,$22832657.38,$0.00,$277167342.62,$277167342.62,$0.00,$0.00,07/01/1987,01/01/2002,01/06/1982,12/22/1981,03/16/1982,03/31/1992,08/28/1992
02/28/2014,IBRD20950,India,CONTROLLER OF AID ACCOUNTS & AUDIT,POOL LOAN,REPAID,11.6,USD,P009784,ARDC IV,$190000000.00,$0.00,$0.00,$190000000.00,$190000000.00,$0.00,$0.00,08/15/1987,02/15/2002,02/24/1982,02/23/1982,05/25/1982,06/30/1984,
02/28/2014,IBRD21230,India,CONTROLLER OF AID ACCOUNTS & AUDIT,POOL LOAN,REPAID,11.6,USD,P009790,REFINERIES RATIONALI,$200000000.00,$0.00,$0.00,$200000000.00,$200000000.00,$0.00,$0.00,09/01/1987,03/01/2002,05/05/1982,04/06/1982,06/29/1982,09/30/1988,09/27/1988
02/28/2014,IBRD21650,India,CONTROLLER OF AID ACCOUNTS & AUDIT,POOL LOAN,REPAID,11.6,USD,P009792,RURAL ELEC III,$304500000.00,$8997657.64,$0.00,$295502342.36,$295502342.36,$0.00,$0.00,01/01/1988,07/01/2002,06/22/1982,06/01/1982,10/21/1982,06/30/1988,02/03/1989
02/28/2014,IBRD21860,India,CONTROLLER OF AID ACCOUNTS & AUDIT,POOL LOAN,REPAID,11.6,USD,P009785,KALLADA IRRIGATION,$20300000.00,$0.00,$0.00,$20300000.00,$20300000.00,$0.00,$0.00,03/01/1988,09/01/2002,07/06/1982,06/24/1982,09/21/1982,03/31/1989,10/17/1989
02/28/2014,IBRD22050,India,CONTROLLER OF AID ACCOUNTS & AUDIT,POOL LOAN,REPAID,11.6,USD,P009803,KRISHNA-GODAVARI EXP,$165500000.00,$0.00,$0.00,$165500000.00,$165500000.00,$0.00,$0.00,02/01/1988,08/01/2002,11/09/1982,10/19/1982,02/28/1983,03/31/1989,09/20/1989
02/28/2014,IBRD22100,India,CONTROLLER OF AID ACCOUNTS & AUDIT,POOL LOAN,REPAID,4.62,USD,P009807,RAILWAY MODERN.& MAI,$200000000.00,$0.00,$0.00,$200000000.00,$200000000.00,$0.00,$0.00,06/01/1988,12/01/2002,12/23/1982,11/16/1982,02/23/1983,09/30/1989,01/30/1990
02/28/2014,IBRD22410,India,CONTROLLER OF AID ACCOUNTS & AUDIT,POOL LOAN,REPAID,4.11,USD,P009804,BASSEIN GAS DEV.,$222300000.00,$86635403.87,$0.00,$135664596.13,$135664596.13,$0.00,$0.00,07/01/1988,01/01/2003,03/31/1983,02/24/1983,06/27/1983,12/31/1988,07/13/1989
02/28/2014,IBRD22780,India,CONTROLLER OF AID ACCOUNTS & AUDIT,POOL LOAN,REPAID,7.43,USD,P009805,UPPER INDRAVATI POWE,$156400000.00,$156009975.00,$0.00,$390025.00,$390025.00,$0.00,$0.00,08/01/1988,02/01/2003,06/08/1983,05/10/1983,09/09/1983,12/31/1991,
02/28/2014,IBRD22830,India,CONTROLLER OF AID ACCOUNTS & AUDIT,POOL LOAN,REPAID,4.85,USD,P009806,CENTRAL POWER TRANSM,$250700000.00,$119206101.99,$0.00,$131493898.01,$131493898.01,$0.00,$0.00,09/01/1988,03/01/2003,06/08/1983,05/19/1983,03/29/1984,03/31/1992,09/08/1992
02/28/2014,IBRD22950,India,CONTROLLER OF AID ACCOUNTS & AUDIT,POOL LOAN,REPAID,4.11,USD,P009797,HIMALAYAN WATERSHED,$46200000.00,$17903285.80,$0.00,$28296714.20,$28296714.20,$0.00,$0.00,01/15/1989,07/15/2003,06/08/1983,05/31/1983,09/09/1983,09/30/1992,02/18/1993
02/28/2014,IBRD23080,India,CONTROLLER OF AID ACCOUNTS & AUDIT,POOL LOAN,REPAID,7.73,USD,P009801,MAHARASHTRA WATER UT,$22700000.00,$22643392.00,$0.00,$56608.00,$56608.00,$0.00,$0.00,01/15/1989,07/15/2003,06/30/1983,06/09/1983,09/27/1983,08/31/1990,
02/28/2014,IBRD23290,India,CONTROLLER OF AID ACCOUNTS & AUDIT,POOL LOAN,REPAID,4.85,USD,P009809,M.P. URBAN,$24100000.00,$11643196.30,$0.00,$12456803.70,$12456803.70,$0.00,$0.00,10/15/1988,04/15/2003,07/19/1983,06/28/1983,01/16/1984,06/30/1991,07/03/1991
02/28/2014,IBRD23870,India,CONTROLLER OF AID ACCOUNTS & AUDIT,POOL LOAN,REPAID,3.8,USD,P009825,NHAVA SHEVA PORT,$250000000.00,$20989308.47,$0.00,$229010691.53,$229010691.53,$0.00,$0.00,07/01/1989,01/01/2004,05/25/1984,03/13/1984,08/23/1984,06/30/1992,05/03/1993
02/28/2014,IBRD23930,India,CONTROLLER OF AID ACCOUNTS & AUDIT,POOL LOAN,REPAID,3.8,USD,P009820,COAL - DUDHICHUA STE,$151000000.00,$50809902.15,$0.00,$100190097.85,$100190097.85,$0.00,$0.00,07/01/1989,01/01/2004,05/25/1984,03/20/1984,08/30/1984,03/31/1993,08/13/1993
02/28/2014,IBRD24030,India,CONTROLLER OF AID ACCOUNTS & AUDIT,POOL LOAN,REPAID,3.8,USD,P009818,CAMBAY BASIN PETROLE,$242500000.00,$29000000.00,$0.00,$213500000.00,$213500000.00,$0.00,$0.00,09/01/1989,03/01/2004,05/25/1984,03/29/1984,08/31/1984,10/31/1992,03/16/1993
02/28/2014,IBRD24150,India,CONTROLLER OF AID ACCOUNTS & AUDIT,POOL LOAN,REPAID,3.8,USD,P009819,MADHYA PRADESH FERTI,$203600000.00,$37945086.35,$0.00,$165654913.65,$165654913.65,$0.00,$0.00,09/15/1989,03/15/2004,05/25/1984,05/17/1984,08/24/1984,06/30/1992,05/03/1993
02/28/2014,IBRD24160,India,CONTROLLER OF AID ACCOUNTS & AUDIT,POOL LOAN,REPAID,3.8,USD,P009822,BODHGHAT - HYDRO,$157400000.00,$148322192.67,$0.00,$9077807.33,$9077807.33,$0.00,$0.00,09/15/1989,03/15/2004,03/01/1985,05/17/1984,06/18/1985,06/30/1993,11/03/1993
02/28/2014,IBRD24170,India,CONTROLLER OF AID ACCOUNTS & AUDIT,POOL LOAN,REPAID,3.8,USD,P009826,RAILWAYS ELECTRIFICA,$280700000.00,$8404274.47,$0.00,$272295725.53,$272295725.53,$0.00,$0.00,10/01/1989,04/01/2004,05/25/1984,05/17/1984,05/31/1985,03/31/1993,08/13/1993
02/28/2014,IBRD24420,India,CONTROLLER OF AID ACCOUNTS & AUDIT,POOL LOAN,REPAID,3.8,USD,P009824,FARAKKA II THERMAL P,$300800000.00,$54733968.50,$0.00,$246066031.50,$246066031.50,$0.00,$0.00,11/01/1989,05/01/2004,06/29/1984,06/14/1984,08/30/1985,04/30/1994,09/13/1994
02/28/2014,IBRD24520,India,TATA ELECTRIC COMPANIES,POOL LOAN,REPAID,4.62,USD,P009823,TROMBAY POWER IV,$135400000.00,$990922.02,$0.00,$134409077.98,$134409077.98,$0.00,$0.00,02/15/1990,08/15/2004,12/12/1984,06/27/1984,07/31/1985,06/30/1992,11/12/1992
02/28/2014,IBRD24970,India,CONTROLLER OF AID ACCOUNTS & AUDIT,POOL LOAN,REPAID,3.8,USD,P009829,NARMADA (GUJARAT) DA,$200000000.00,$181505345.79,$0.00,$18494654.21,$18494654.21,$0.00,$0.00,07/01/1990,01/01/2005,05/10/1985,03/07/1985,01/06/1986,06/30/1995,08/10/1993
02/28/2014,IBRD24980,India,CONTROLLER OF AID ACCOUNTS & AUDIT,POOL LOAN,REPAID,3.8,USD,P009837,COAL - JHARIA COKING,$248000000.00,$192686074.14,$0.00,$55313925.86,$55313925.86,$0.00,$0.00,07/01/1990,01/01/2005,05/10/1985,03/07/1985,08/08/1985,12/31/1992,04/29/1993
02/28/2014,IBRD25050,India,CONTROLLER OF AID ACCOUNTS & AUDIT,POOL LOAN,REPAID,3.8,USD,P009836,MAHARASHTRA PETROCHE,$300000000.00,$0.00,$0.00,$300000000.00,$300000000.00,$0.00,$0.00,07/01/1990,01/01/2005,05/10/1985,03/19/1985,08/07/1985,09/30/1991,09/18/1991
02/28/2014,IBRD25340,India,CONTROLLER OF AID ACCOUNTS & AUDIT,POOL LOAN,REPAID,3.8,USD,P009840,HIGHWAYS,$200000000.00,$96599903.96,$0.00,$103400096.04,$103400096.04,$0.00,$0.00,01/15/1991,07/15/2005,09/16/1985,05/09/1985,11/15/1985,12/31/1993,05/11/1994
02/28/2014,IBRD25440,India,CONTROLLER OF AID ACCOUNTS & AUDIT,POOL LOAN,REPAID,3.8,USD,P009839,CHANDRAPUR THERMAL,$300000000.00,$108650034.63,$0.00,$191349965.37,$191349965.37,$0.00,$0.00,07/01/1990,01/01/2005,09/16/1985,05/16/1985,02/20/1986,03/31/1994,09/15/1994
02/28/2014,IBRD25550,India,CONTROLLER OF AID ACCOUNTS & AUDIT,POOL LOAN,REPAID,3.8,USD,P009853,RIHAND POWER TRANSMI,$250000000.00,$64090946.84,$0.00,$185909053.16,$185909053.16,$0.00,$0.00,01/15/1991,07/15/2005,09/16/1985,05/28/1985,02/20/1986,12/31/1992,07/15/1993
02/28/2014,IBRD25820,India,CONTROLLER OF AID ACCOUNTS & AUDIT,POOL LOAN,REPAID,3.8,USD,P009838,KERALA POWER,$176000000.00,$76424809.73,$0.00,$99575190.27,$99575190.27,$0.00,$0.00,12/01/1990,06/01/2005,12/05/1985,06/13/1985,03/05/1986,12/31/1994,05/17/1995
02/28/2014,IBRD26290,India,CONTROLLER OF AID ACCOUNTS & AUDIT,POOL LOAN,REPAID,3.8,USD,P009850,IND. EX. DEV. FIN I,$90000000.00,$0.00,$0.00,$90000000.00,$90000000.00,$0.00,$0.00,02/01/1991,08/01/2005,01/21/1986,10/29/1985,06/23/1986,06/30/1992,10/08/1992
02/28/2014,IBRD26300,India,ICICI BANK LIMITED,POOL LOAN,REPAID,5.16,USD,P009850,IND. EX. DEV. FIN I,$160000000.00,$5177676.12,$0.00,$154822323.88,$154822323.88,$0.00,$0.00,02/01/1991,08/01/2005,01/21/1986,10/29/1985,06/23/1986,06/30/1992,07/21/1992
02/28/2014,IBRD26530,India,CONTROLLER OF AID ACCOUNTS & AUDIT,POOL LOAN,REPAID,3.8,USD,P009828,NABARD I,$375000000.00,$0.00,$0.00,$375000000.00,$375000000.00,$0.00,$0.00,11/15/1991,05/15/2006,05/28/1986,02/25/1986,09/16/1986,06/30/1991,03/08/1991
02/28/2014,IBRD26600,India,CONTROLLER OF AID ACCOUNTS & AUDIT,POOL LOAN,REPAID,3.8,USD,P009914,CEMENT ENERGY SAVING,$165000000.00,$3465057.71,$0.00,$161534942.29,$161534942.29,$0.00,$0.00,10/01/1991,04/01/2006,07/22/1986,03/20/1986,11/10/1986,06/30/1994,11/16/1994
02/28/2014,IBRD26610,India,ICICI BANK LIMITED,POOL LOAN,REPAID,5.43,USD,P009914,CEMENT ENERGY SAVING,$35000000.00,$44078.85,$0.00,$34955921.15,$34955921.15,$0.00,$0.00,10/01/1991,04/01/2006,07/22/1986,03/20/1986,11/10/1986,06/30/1994,11/07/1994
02/28/2014,IBRD26620,India,CONTROLLER OF AID ACCOUNTS & AUDIT,POOL LOAN,CANCELLED,7.43,USD,P009843,A.P. IRRIGATION II,$131000000.00,$131000000.00,$0.00,$0.00,$0.00,$0.00,$0.00,10/01/1991,04/01/2006,05/28/1986,03/20/1986,10/02/1987,06/30/1994,
02/28/2014,IBRD26740,India,CONTROLLER OF AID ACCOUNTS & AUDIT,POOL LOAN,REPAID,3.8,USD,P009947,COMBINED CYCLE POWER,$485000000.00,$0.00,$0.00,$485000000.00,$485000000.00,$0.00,$0.00,11/15/1991,05/15/2006,10/27/1986,04/01/1986,03/27/1987,12/31/1993,06/02/1994
02/28/2014,IBRD27290,India,CONTROLLER OF AID ACCOUNTS & AUDIT,POOL LOAN,REPAID,3.8,USD,P009949,COOPERATIVE FERTILIZER (AONLA),$150200000.00,$0.00,$0.00,$150200000.00,$150200000.00,$0.00,$0.00,03/15/1992,09/15/2006,07/22/1986,06/26/1986,10/20/1986,06/30/1992,05/16/1990
02/28/2014,IBRD27300,India,INDIAN FARMERS FERT. COOP. LTD,POOL LOAN,REPAID,6.36,USD,P009949,COOPERATIVE FERTILIZER (AONLA),$152000000.00,$45276715.03,$0.00,$106723284.97,$106723284.97,$0.00,$0.00,03/15/1992,09/15/2006,07/22/1986,06/26/1986,10/20/1986,06/30/1993,11/17/1993
02/28/2014,IBRD27690,India,CONTROLLER OF AID ACCOUNTS & AUDIT,POOL LOAN,CANCELLED,6.82,USD,P009857,BOMBAY III WATER SUP,$40000000.00,$40000000.00,$0.00,$0.00,$0.00,$0.00,$0.00,08/15/1992,02/15/2007,05/12/1987,12/16/1986,01/29/1988,06/30/1995,
02/28/2014,IBRD27850,India,CONTROLLER OF AID ACCOUNTS & AUDIT,POOL LOAN,REPAID,3.8,USD,P009952,OIL INDIA LIMITED PE,$140000000.00,$1545337.46,$0.00,$138454662.54,$138454662.54,$0.00,$0.00,11/15/1992,05/15/2007,06/29/1987,03/10/1987,09/28/1987,09/30/1994,02/14/1995
02/28/2014,IBRD27960,India,CONTROLLER OF AID ACCOUNTS & AUDIT,POOL LOAN,REPAID,3.8,USD,P009868,COAL MINING AND COAL,$340000000.00,$39732735.48,$0.00,$300267264.52,$300267264.52,$0.00,$0.00,08/15/1992,02/15/2007,06/29/1987,04/21/1987,09/28/1987,09/30/1995,04/11/1996
02/28/2014,IBRD27970,India,CONTROLLER OF AID ACCOUNTS & AUDIT,POOL LOAN,CANCELLED,7.43,USD,P009873,U.P. URBAN DEVELOPME,$20000000.00,$20000000.00,$0.00,$0.00,$0.00,$0.00,$0.00,09/15/1992,03/15/2007,12/21/1987,04/21/1987,02/26/1988,03/31/1996,
02/28/2014,IBRD28130,India,CONTROLLER OF AID ACCOUNTS & AUDIT,POOL LOAN,REPAID,3.8,USD,P009849,TELECOMMUNICATIONS IX,$345000000.00,$181832916.19,$0.00,$163167083.81,$163167083.81,$0.00,$0.00,11/15/1992,05/15/2007,06/29/1987,05/14/1987,09/28/1987,12/31/1993,03/18/1994
02/28/2014,IBRD28270,India,CONTROLLER OF AID ACCOUNTS & AUDIT,POOL LOAN,REPAID,3.8,USD,P009948,KARNATAKA POWER,$330000000.00,$260362992.63,$0.00,$69637007.37,$69637007.37,$0.00,$0.00,02/15/1993,08/15/2007,12/21/1987,06/04/1987,04/06/1988,12/31/1995,12/16/1993
02/28/2014,IBRD28440,India,CONTROLLER OF AID ACCOUNTS & AUDIT,POOL LOAN,REPAID,3.8,USD,P009854,NAT. CAPITAL POWER S,$485000000.00,$162170000.00,$0.00,$322830000.00,$322830000.00,$0.00,$0.00,12/15/1992,06/15/2007,12/21/1987,06/17/1987,03/21/1988,12/31/1995,05/06/1996
02/28/2014,IBRD28450,India,CONTROLLER OF AID ACCOUNTS & AUDIT,POOL LOAN,REPAID,4.85,USD,P009925,TALCHER THERMAL,$375000000.00,$102201149.35,$0.00,$272798850.65,$272798850.65,$0.00,$0.00,02/01/1993,08/01/2007,12/21/1987,06/17/1987,03/21/1988,03/31/1997,09/02/1997
02/28/2014,IBRD28460,India,CONTROLLER OF AID ACCOUNTS & AUDIT,POOL LOAN,REPAID,3.8,USD,P009954,MADRAS WATER SUPPLY,$53000000.00,$4741423.53,$0.00,$48258576.47,$48258576.47,$0.00,$0.00,02/15/1993,08/15/2007,12/21/1987,06/17/1987,03/17/1988,03/31/1996,08/19/1996
02/28/2014,IBRD28860,India,CONTROLLER OF AID ACCOUNTS & AUDIT,POOL LOAN,REPAID,3.8,USD,P009992,DROUGHT ASSISTANCE,$150000000.00,$0.00,$0.00,$150000000.00,$150000000.00,$0.00,$0.00,07/01/1993,01/01/2008,11/25/1987,11/24/1987,12/16/1987,03/31/1989,
02/28/2014,IBRD28930,India,CONTROLLER OF AID ACCOUNTS & AUDIT,POOL LOAN,REPAID,3.8,USD,P009962,NATIONAL DAIRY II,$200000000.00,$82877399.66,$0.00,$117122600.34,$117122600.34,$0.00,$0.00,09/15/1993,03/15/2008,01/13/1988,12/15/1987,04/08/1988,04/30/1996,06/24/1996
02/28/2014,IBRD29040,India,CONTROLLER OF AID ACCOUNTS & AUDIT,POOL LOAN,REPAID,3.8,USD,P009896,WESTERN GAS DEVELOPM,$295000000.00,$11750000.00,$0.00,$283250000.00,$283250000.00,$0.00,$0.00,05/01/1993,11/01/2007,04/21/1988,02/02/1988,09/02/1988,06/30/1994,07/20/1992
02/28/2014,IBRD29280,India,CONTROLLER OF AID ACCOUNTS & AUDIT,POOL LOAN,REPAID,3.8,USD,P009985,IND. FINANCE I,$310000000.00,$37106649.04,$0.00,$272893350.96,$272893350.96,$0.00,$0.00,11/01/1993,05/01/2008,05/12/1988,03/31/1988,08/09/1988,12/31/1995,06/17/1996
02/28/2014,IBRD29281,India,STEEL AUTHORITY OF INDIA LTD.,POOL LOAN,REPAID,7.43,USD,P009985,IND. FINANCE I,$50000000.00,$10957186.26,$0.00,$39042813.74,$39042813.74,$0.00,$0.00,11/01/1993,05/01/2008,05/12/1988,03/31/1988,08/09/1988,06/30/1995,11/07/1995
02/28/2014,IBRD29290,India,HOUSING DEVE. FIN. CORP. LTD.,POOL LOAN,REPAID,4.62,USD,P009976,HOUSING DEV. CORP.,$250000000.00,$0.00,$0.00,$250000000.00,$250000000.00,$0.00,$0.00,11/01/1993,05/01/2008,04/21/1988,03/31/1988,05/18/1988,09/30/1991,02/13/1991
02/28/2014,IBRD29350,India,CONTROLLER OF AID ACCOUNTS & AUDIT,POOL LOAN,REPAID,3.8,USD,P009871,RAILWAYS MODERNIZ. I,$390000000.00,$144602233.26,$0.00,$245397766.74,$245397766.74,$0.00,$0.00,11/01/1993,05/01/2008,05/12/1988,05/05/1988,06/14/1988,12/31/1995,06/11/1996
02/28/2014,IBRD29380,India,CONTROLLER OF AID ACCOUNTS & AUDIT,POOL LOAN,REPAID,3.8,USD,P009901,KARNATAKA POWER II,$260000000.00,$235995536.03,$0.00,$24004463.97,$24004463.97,$0.00,$0.00,12/01/1993,06/01/2008,07/27/1988,05/10/1988,10/27/1988,12/31/1996,12/16/1993
02/28/2014,IBRD29570,India,CONTROLLER OF AID ACCOUNTS & AUDIT,POOL LOAN,REPAID,3.8,USD,P009920,U.P. POWER (SRINAGAR),$350000000.00,$325626036.30,$0.00,$24373963.70,$24373963.70,$0.00,$0.00,12/01/1993,06/01/2008,07/27/1988,06/15/1988,09/22/1988,12/31/1996,11/25/1992
02/28/2014,IBRD29940,India,CONTROLLER OF AID ACCOUNTS & AUDIT,POOL LOAN,REPAID,4.85,USD,P009973,STATE ROADS I,$164745443.83,$61409545.11,$0.00,$103335898.72,$103335898.72,$0.00,$0.00,06/01/1994,12/01/2008,11/17/1988,10/20/1988,03/02/1989,06/30/1998,03/13/1998
02/28/2014,IBRD2994A,India,CONTROLLER OF AID ACCOUNTS & AUDIT,SNGL CRNCY,REPAID,2.49,USD,P009973,STATE ROADS I,$5254556.17,$5215453.30,$0.00,$39102.87,$39102.87,$0.00,$0.00,12/15/1998,12/15/2008,11/17/1988,10/20/1988,03/02/1989,06/30/1998,12/28/1998
02/28/2014,IBRD30240,India,CONTROLLER OF AID ACCOUNTS & AUDIT,POOL LOAN,REPAID,4.85,USD,P009869,NATHPA JHAKRI POWER PROJECT,$330604969.95,$0.00,$0.00,$330604969.95,$330604969.95,$0.00,$0.00,10/01/1994,04/01/2009,05/18/1989,03/02/1989,01/30/1990,03/31/2002,05/14/1998
02/28/2014,IBRD3024A,India,CONTROLLER OF AID ACCOUNTS & AUDIT,SNGL CRNCY,REPAID,1.82,USD,P009869,NATHPA JHAKRI POWER PROJECT,$154395030.05,$54688800.55,$0.00,$99706229.50,$99706229.50,$0.00,$0.00,10/15/1998,04/15/2009,05/18/1989,03/02/1989,01/30/1990,03/31/2002,08/22/2002
02/28/2014,IBRD30440,India,INDIAN OIL CORP. LTD.,POOL LOAN,REPAID,6.36,USD,P009986,PETRO. TRANSPORT,$340000000.00,$296382856.00,$0.00,$43617144.00,$43617144.00,$0.00,$0.00,12/15/1994,06/15/2009,09/11/1989,04/27/1989,10/13/1989,06/30/1995,11/17/1995
02/28/2014,IBRD30450,India,CONTROLLER OF AID ACCOUNTS & AUDIT,POOL LOAN,CANCELLED,7.43,USD,P009990,VOCATIONAL TRAINING,$30000000.00,$30000000.00,$0.00,$0.00,$0.00,$0.00,$0.00,12/15/1994,06/15/2009,06/16/1989,04/27/1989,08/08/1989,12/31/1996,
02/28/2014,IBRD30500,India,CONTROLLER OF AID ACCOUNTS & AUDIT,POOL LOAN,REPAID,3.8,USD,P009898,UPPER KRISHNA PHASE,$165000000.00,$158182465.58,$0.00,$6817534.42,$6817534.42,$0.00,$0.00,09/15/1994,03/15/2009,06/16/1989,05/04/1989,08/17/1989,06/30/1997,08/08/1997
02/28/2014,IBRD30580,India,CONTROLLER OF AID ACCOUNTS & AUDIT,POOL LOAN,REPAID,3.8,USD,P009991,EXPORT DEVELOPMENT,$120000000.00,$9048946.84,$0.00,$110951053.16,$110951053.16,$0.00,$0.00,12/01/1994,06/01/2009,05/26/1989,05/12/1989,09/21/1989,03/31/1996,09/06/1996
02/28/2014,IBRD30590,India,ICICI BANK LIMITED,POOL LOAN,REPAID,4.85,USD,P009991,EXPORT DEVELOPMENT,$175000000.00,$98700376.06,$0.00,$76299623.94,$76299623.94,$0.00,$0.00,12/01/1994,06/01/2009,05/26/1989,05/12/1989,09/21/1989,03/31/1996,08/20/1993
02/28/2014,IBRD30650,India,CONTROLLER OF AID ACCOUNTS & AUDIT,POOL LOAN,CANCELLED,7.6,USD,P009996,NATIONAL SERICULTURE,$30000000.00,$30000000.00,$0.00,$0.00,$0.00,$0.00,$0.00,09/15/1994,03/15/2009,06/16/1989,05/18/1989,09/14/1989,12/31/1996,
02/28/2014,IBRD30930,India,CONTROLLER OF AID ACCOUNTS & AUDIT,POOL LOAN,REPAID,3.8,USD,P009956,ELECTRONICS,$8000000.00,$527437.86,$0.00,$7472562.14,$7472562.14,$0.00,$0.00,03/15/1995,09/15/2009,07/07/1989,06/15/1989,09/14/1989,03/31/1997,09/16/1997
02/28/2014,IBRD30940,India,ICICI BANK LIMITED,POOL LOAN,REPAID,4.85,USD,P009956,ELECTRONICS,$101000000.00,$50734148.80,$0.00,$50265851.20,$50265851.20,$0.00,$0.00,03/15/1995,09/15/2009,07/07/1989,06/15/1989,09/14/1989,12/31/1995,09/14/1993
02/28/2014,IBRD30950,India,IDBI BANK LTD,POOL LOAN,REPAID,5.59,USD,P009956,ELECTRONICS,$82733504.65,$79655504.65,$0.00,$3078000.00,$3078000.00,$0.00,$0.00,03/15/1995,09/15/2009,07/07/1989,06/15/1989,09/14/1989,12/31/1995,10/08/1993
02/28/2014,IBRD3095S,India,IDBI BANK LTD,SCP USD,REPAID,5.11,USD,P009956,ELECTRONICS,$18266495.35,$0.00,$0.00,$18266495.35,$18266495.35,$0.00,$0.00,09/15/1998,09/15/2009,07/07/1989,06/15/1989,09/14/1989,12/31/1995,
02/28/2014,IBRD30960,India,CONTROLLER OF AID ACCOUNTS & AUDIT,POOL LOAN,REPAID,4.85,USD,P009941,MAHARASHTRA POWER,$359455907.43,$62670000.00,$0.00,$296785907.43,$296785907.43,$0.00,$0.00,03/15/1995,09/15/2009,09/11/1989,06/15/1989,12/14/1989,12/31/1998,06/16/1998
02/28/2014,IBRD3096A,India,CONTROLLER OF AID ACCOUNTS & AUDIT,SNGL CRNCY,REPAID,0.62,USD,P009941,MAHARASHTRA POWER,$40544092.57,$0.00,$0.00,$40544092.57,$40544092.57,$0.00,$0.00,09/15/1998,09/15/2009,09/11/1989,06/15/1989,12/14/1989,12/31/1998,03/23/1999
02/28/2014,IBRD31080,India,CONTROLLER OF AID ACCOUNTS & AUDIT,POOL LOAN,CANCELLED,7.6,USD,P009910,FAMILY WELFARE TRG (,$11300000.00,$11300000.00,$0.00,$0.00,$0.00,$0.00,$0.00,03/15/1995,09/15/2009,09/11/1989,06/29/1989,02/23/1990,03/31/1997,
02/28/2014,IBRD31190,India,CONTROLLER OF AID ACCOUNTS & AUDIT,POOL LOAN,REPAID,3.8,USD,P009895,TECHNOLOGY DEVELOPME,$145000000.00,$31085236.25,$0.00,$113914763.75,$113914763.75,$0.00,$0.00,06/01/1995,12/01/2009,12/08/1989,09/12/1989,05/01/1990,12/31/1997,02/09/1998
02/28/2014,IBRD31440,India,CONTROLLER OF AID ACCOUNTS & AUDIT,POOL LOAN,CANCELLED,7.1,USD,P009965,PUNJAB IRR & DRAINAG,$15000000.00,$15000000.00,$0.00,$0.00,$0.00,$0.00,$0.00,09/01/1995,03/01/2010,02/09/1990,12/14/1989,03/13/1990,03/31/1998,
02/28/2014,IBRD31750,India,CONTROLLER OF AID ACCOUNTS & AUDIT,POOL LOAN,CANCELLED,7.1,USD,P009882,WTRSH HILLS,$13000000.00,$13000000.00,$0.00,$0.00,$0.00,$0.00,$0.00,11/01/1995,05/01/2010,01/11/1991,03/06/1990,05/10/1991,06/30/1997,
02/28/2014,IBRD31810,India,CONTROLLER OF AID ACCOUNTS & AUDIT,POOL LOAN,CANCELLED,7.1,USD,P009890,HYDERABAD W/S,$10000000.00,$10000000.00,$0.00,$0.00,$0.00,$0.00,$0.00,07/15/1995,01/15/2010,05/23/1990,03/27/1990,09/28/1990,03/31/1998,
02/28/2014,IBRD31950,India,CONTROLLER OF AID ACCOUNTS & AUDIT,POOL LOAN,CANCELLED,6.93,USD,P009989,TECH EDUC I,$25000000.00,$25000000.00,$0.00,$0.00,$0.00,$0.00,$0.00,12/15/1995,06/15/2010,08/13/1990,05/01/1990,12/05/1990,06/30/1998,
02/28/2014,IBRD31960,India,CONTROLLER OF AID ACCOUNTS & AUDIT,POOL LOAN,REPAID,4.85,USD,P009981,CEMENT INDUSTRY REST,$300000000.00,$26150337.90,$0.00,$273849662.10,$273849662.10,$0.00,$0.00,01/15/1996,07/15/2010,06/13/1990,05/15/1990,10/03/1990,06/30/1997,12/01/1997
02/28/2014,IBRD31970,India,CONTROLLER OF AID ACCOUNTS & AUDIT,POOL LOAN,CANCELLED,7.1,USD,P009860,WTRSH PLAINS,$7000000.00,$7000000.00,$0.00,$0.00,$0.00,$0.00,$0.00,01/15/1996,07/15/2010,08/22/1990,05/15/1990,02/28/1991,03/31/1998,
02/28/2014,IBRD31990,India,CONTROLLER OF AID ACCOUNTS & AUDIT,POOL LOAN,CANCELLED,6.59,USD,P009940,POP. TRG (VII),$10000000.00,$10000000.00,$0.00,$0.00,$0.00,$0.00,$0.00,01/15/1996,07/15/2010,10/23/1990,05/17/1990,03/08/1991,06/30/1998,
02/28/2014,IBRD32370,India,CONTROLLER OF AID ACCOUNTS & AUDIT,POOL LOAN,REPAID,4.85,USD,P009982,NORTHERN REGION TRANSMISSION PROJEC,$288588018.74,$0.00,$0.00,$288588018.74,$288588018.74,$0.00,$0.00,03/01/1996,09/01/2010,10/03/1990,06/26/1990,01/10/1991,09/30/2000,05/20/1998
02/28/2014,IBRD3237A,India,CONTROLLER OF AID ACCOUNTS & AUDIT,SNGL CRNCY,REPAID,0.73,USD,P009982,NORTHERN REGION TRANSMISSION PROJEC,$196411981.26,$134872174.00,$0.00,$61539807.26,$61539807.26,$0.00,$0.00,09/15/1998,09/15/2010,10/03/1990,06/26/1990,01/10/1991,09/30/2000,03/26/2001
02/28/2014,IBRD32390,India,TATA ELECTRIC COMPANIES,POOL LOAN,REPAID,4.11,USD,P009900,PRIVATE POWER UTIL (,$98000000.00,$0.00,$0.00,$98000000.00,$98000000.00,$0.00,$0.00,03/15/1996,09/15/2010,10/03/1990,06/26/1990,09/30/1991,06/30/1995,12/03/1995
02/28/2014,IBRD32530,India,CONTROLLER OF AID ACCOUNTS & AUDIT,POOL LOAN,CANCELLED,6.93,USD,P010361,ICDS I (ORIS & ANDHR,$10000000.00,$10000000.00,$0.00,$0.00,$0.00,$0.00,$0.00,04/01/1996,10/01/2010,10/23/1990,09/04/1990,01/28/1991,12/31/1997,
02/28/2014,IBRD32580,India,CONTROLLER OF AID ACCOUNTS & AUDIT,POOL LOAN,REPAID,3.8,USD,P009885,PETROCHEMICALS,$12000000.00,$135731.11,$0.00,$11864268.89,$11864268.89,$0.00,$0.00,03/01/1996,09/01/2010,11/07/1990,09/13/1990,12/18/1990,09/30/1997,02/13/1998
02/28/2014,IBRD32590,India,INDIAN PETROCHEMICALS CORP LTD,POOL LOAN,REPAID,4.62,USD,P009885,PETROCHEMICALS,$214176222.98,$70462811.03,$0.00,$143713411.95,$143713411.95,$0.00,$0.00,03/01/1996,09/01/2010,11/07/1990,09/13/1990,12/18/1990,03/31/1998,08/17/1998
02/28/2014,IBRD3259A,India,INDIAN PETROCHEMICALS CORP LTD,SNGL CRNCY,REPAID,1.44,USD,P009885,PETROCHEMICALS,$18823777.02,$17098066.13,$0.00,$1725710.89,$1725710.89,$0.00,$0.00,09/15/1998,09/15/2010,11/07/1990,09/13/1990,12/18/1990,03/31/1998,08/31/1998
02/28/2014,IBRD32600,India,CONTROLLER OF AID ACCOUNTS & AUDIT,POOL LOAN,REPAID,3.8,USD,P010362,AP CYCLONE EMERGENCY,$40000000.00,$0.00,$0.00,$40000000.00,$40000000.00,$0.00,$0.00,06/15/1996,12/15/2010,10/23/1990,10/04/1990,12/26/1990,03/31/1994,03/09/1994
02/28/2014,IBRD33000,India,CONTROLLER OF AID ACCOUNTS & AUDIT,POOL LOAN,REPAID,7.43,USD,P009958,AGR.DEV.I (TN),$0.00,$0.00,$0.00,$0.00,$0.00,$0.00,$0.00,10/15/1996,04/15/2011,04/17/1991,03/12/1991,07/31/1991,12/31/1998,
02/28/2014,IBRD3300A,India,CONTROLLER OF AID ACCOUNTS & AUDIT,SNGL CRNCY,REPAID,0.71,USD,P009958,AGR.DEV.I (TN),$20000000.00,$10722284.36,$0.00,$9277715.64,$9277715.64,$0.00,$0.00,10/15/1998,04/15/2011,04/17/1991,03/12/1991,07/31/1991,12/31/1998,05/20/1999
02/28/2014,IBRD33250,India,CONTROLLER OF AID ACCOUNTS & AUDIT,POOL LOAN,CANCELLED,7.07,USD,P009877,DAM SAFETY,$23000000.00,$23000000.00,$0.00,$0.00,$0.00,$0.00,$0.00,01/15/1997,07/15/2011,06/10/1991,05/14/1991,07/11/1991,09/30/1997,
02/28/2014,IBRD33340,India,CONTROLLER OF AID ACCOUNTS & AUDIT,POOL LOAN,REPAID,4.85,USD,P009906,IND POLLUTION CONTROL,$114417892.49,$0.00,$0.00,$114417892.49,$114417892.49,$0.00,$0.00,02/15/1997,08/15/2011,07/08/1991,05/30/1991,11/06/1991,03/31/1999,09/23/1999
02/28/2014,IBRD3334A,India,CONTROLLER OF AID ACCOUNTS & AUDIT,SNGL CRNCY,REPAID,0.73,USD,P009906,IND POLLUTION CONTROL,$9582107.51,$7504960.10,$0.00,$2077147.41,$2077147.41,$0.00,$0.00,08/15/1998,08/15/2011,07/08/1991,05/30/1991,11/06/1991,03/31/1999,09/23/1999
02/28/2014,IBRD33440,India,BOMBAY SUBURBAN ELECTRIC SUPPLY LIMITED,POOL LOAN,REPAID,4.62,USD,P009993,PRIVATE POWER UTIL I,$200000000.00,$5013296.73,$0.00,$194986703.27,$194986703.27,$0.00,$0.00,02/15/1997,08/15/2011,07/12/1991,06/13/1991,07/29/1991,12/31/1996,05/15/1997
02/28/2014,IBRD33640,India,OIL AND NATURAL GAS COMMISSION,POOL LOAN,REPAID,5.02,USD,P010381,GAS FLARING REDUCTIO,$450000000.00,$0.00,$0.00,$450000000.00,$450000000.00,$0.00,$0.00,03/15/1997,09/15/2011,07/11/1991,06/25/1991,07/12/1991,12/31/1997,03/03/1998
02/28/2014,IBRD33910,India,CONTROLLER OF AID ACCOUNTS & AUDIT,POOL LOAN,REPAID,3.8,USD,P010385,OIL & GAS SECTOR DEVELOPMENT,$150000000.00,$0.00,$0.00,$150000000.00,$150000000.00,$0.00,$0.00,04/01/1997,10/01/2011,07/24/1991,07/23/1991,07/29/1991,06/30/1992,12/20/1991
02/28/2014,IBRD34210,India,CONTROLLER OF AID ACCOUNTS & AUDIT,POOL LOAN,REPAID,4.85,USD,P010389,SAL I,$250000000.00,$0.00,$0.00,$250000000.00,$250000000.00,$0.00,$0.00,08/01/1997,02/01/2012,12/05/1991,12/05/1991,12/11/1991,12/31/1992,10/14/1992
02/28/2014,IBRD34360,India,CONTROLLER OF AID ACCOUNTS & AUDIT,POOL LOAN,REPAID,4.85,USD,P009888,POWER UTIL EFFIC IMP,$245374724.87,$50000000.00,$0.00,$195374724.87,$195374724.87,$0.00,$0.00,08/15/1997,02/15/2012,02/14/1992,01/28/1992,03/18/1992,06/30/1998,06/10/1998
02/28/2014,IBRD3436A,India,CONTROLLER OF AID ACCOUNTS & AUDIT,SNGL CRNCY,REPAID,0.98,USD,P009888,POWER UTIL EFFIC IMP,$19625275.13,$6803595.31,$0.00,$12821679.82,$12821679.82,$0.00,$0.00,08/15/1998,02/15/2012,02/14/1992,01/28/1992,03/18/1992,06/30/1998,12/03/1998
02/28/2014,IBRD34700,India,CONTROLLER OF AID ACCOUNTS & AUDIT,POOL LOAN,REPAID,7.43,USD,P009946,NAT. HIGHWAYS II,$0.00,$0.00,$0.00,$0.00,$0.00,$0.00,$0.00,09/01/1997,03/01/2012,06/18/1992,05/12/1992,08/31/1992,12/31/2002,
02/28/2014,IBRD3470A,India,CONTROLLER OF AID ACCOUNTS & AUDIT,SNGL CRNCY,REPAID,1.01,USD,P009946,NAT. HIGHWAYS II,$153000000.00,$22224127.84,$0.00,$130775872.16,$130775872.16,$0.00,$0.00,09/15/1998,03/15/2012,06/18/1992,05/12/1992,08/31/1992,12/31/2002,03/23/2004
02/28/2014,IBRD34980,India,CONTROLLER OF AID ACCOUNTS & AUDIT,POOL LOAN,REPAID,4.85,USD,P010400,MAHARASHTRA POWER II,$350000000.00,$237746737.42,$0.00,$112253262.58,$112253262.58,$0.00,$0.00,12/01/1997,06/01/2012,07/08/1992,06/25/1992,06/18/1993,06/30/1998,01/26/1998
02/28/2014,IBRD35440,India,TAMIL NADU NEWSPRINT AND PAPERS LIMITED,POOL LOAN,REPAID,4.85,USD,P010410,RENEWABLE RESOURCES,$75000000.00,$0.00,$0.00,$75000000.00,$75000000.00,$0.00,$0.00,09/01/1998,03/01/2013,03/05/1993,12/17/1992,04/06/1993,12/31/1995,08/18/1995
02/28/2014,IBRD35770,India,POWER GRID CORPORATION OF INDIA LIMITED,POOL LOAN,REPAID,8.09,USD,P010416,POWERGRID SYSTEM DEVELOPMENT PROJEC,$350000000.00,$122556727.48,$0.00,$227443272.52,$227443272.52,$0.00,$0.00,12/01/1998,06/01/2013,03/23/1993,03/23/1993,03/26/1993,12/31/2000,07/27/2001
02/28/2014,IBRD36270,India,CONTROLLER OF AID ACCOUNTS & AUDIT,POOL LOAN,REPAID,4.85,USD,P009907,EXTERNAL SECTOR ADJU,$300000000.00,$0.00,$0.00,$300000000.00,$300000000.00,$0.00,$0.00,03/01/1999,09/01/2013,06/24/1993,06/24/1993,06/25/1993,12/31/1993,01/14/1994
02/28/2014,IBRD36300,India,POWER FINANCE CORPORATION LIMITED,POOL LOAN,DISBURSED,4.57,USD,P010422,PRIVATE POWER DEVT T,$20000000.00,$18792288.89,$0.00,$1207711.11,$1207341.31,$369.80,$369.80,03/01/1999,09/01/2013,07/07/1993,06/24/1993,08/23/1993,12/31/1996,05/21/1997
02/28/2014,IBRD36320,India,NATIONAL THERMAL POWER CORPORATION LTD,POOL LOAN,REPAID,1.31,USD,P010423,NTPC POWER GENERATION,$296715786.26,$0.00,$0.00,$296715786.26,$296715786.26,$0.00,$0.00,12/15/1998,06/15/2013,12/09/1993,06/29/1993,06/06/1994,03/31/1999,06/22/1998
02/28/2014,IBRD3632A,India,NATIONAL THERMAL POWER CORPORATION LTD,SNGL CRNCY,REPAID,0,USD,P010423,NTPC POWER GENERATION,$51642106.87,$0.00,$0.00,$51642106.87,$51642106.87,$0.00,$0.00,12/15/1998,06/15/2013,12/09/1993,06/29/1993,06/06/1994,03/31/1999,02/01/1999
02/28/2014,IBRD3632B,India,NATIONAL THERMAL POWER CORPORATION LTD,SNGL CRNCY,REPAID,0,EUR,P010423,NTPC POWER GENERATION,$51642106.87,$0.00,$0.00,$55275825.65,$58465380.82,$0.00,$0.00,12/15/1998,06/15/2013,12/09/1993,06/29/1993,06/06/1994,03/31/1999,02/01/1999
02/28/2014,IBRD37530,India,CONCOR,POOL LOAN,REPAID,4.85,USD,P009870,CONTAINER TRANSPORT,$11578992.21,$0.00,$0.00,$11578992.21,$11578992.21,$0.00,$0.00,02/15/2000,08/15/2014,08/29/1994,06/09/1994,01/31/1995,12/31/2001,12/18/1997
02/28/2014,IBRD3753A,India,CONCOR,SNGL CRNCY,REPAID,5.02,USD,P009870,CONTAINER TRANSPORT,$82421007.79,$48927734.81,$0.00,$33493272.98,$33493272.98,$0.00,$0.00,02/15/2000,08/15/2014,08/29/1994,06/09/1994,01/31/1995,12/31/2001,11/06/2001
02/28/2014,IBRD37790,India,IDBI BANK LTD,SNGL CRNCY,REPAID,0.69,USD,P010463,INDUS POLLUTION PREVENTION,$93000000.00,$66673050.08,$0.00,$26326949.92,$26326949.92,$0.00,$0.00,01/15/2000,07/15/2014,11/21/1994,07/26/1994,03/01/1995,03/31/2001,08/07/2001
02/28/2014,IBRD37800,India,ICICI BANK LIMITED,POOL LOAN,REPAID,7.43,USD,P010463,INDUS POLLUTION PREVENTION,$0.00,$0.00,$0.00,$0.00,$0.00,$0.00,$0.00,03/15/2000,09/15/2014,11/21/1994,07/26/1994,03/01/1995,03/31/2001,
02/28/2014,IBRD37806,India,ICICI BANK LIMITED,SNGL CRNCY,REPAID,0.8,USD,P010463,INDUS POLLUTION PREVENTION,$50000000.00,$10532798.27,$0.00,$39467201.73,$39467201.73,$0.00,$0.00,03/15/2000,09/15/2014,11/21/1994,07/26/1994,03/01/1995,11/30/2002,04/16/2003
02/28/2014,IBRD38560,India,CONTROLLER OF AID ACCOUNTS & AUDIT,POOL LOAN,REPAID,4.85,USD,P010563,FINANCIAL SECTOR DEV PROJ. (FSDP),$150000000.00,$0.00,$0.00,$150000000.00,$150000000.00,$0.00,$0.00,11/15/2000,05/15/2015,03/24/1995,03/23/1995,03/27/1995,10/31/2000,03/06/1996
02/28/2014,IBRD3856A,India,CONTROLLER OF AID ACCOUNTS & AUDIT,SNGL CRNCY,DISBURSED,0.62,USD,P010563,FINANCIAL SECTOR DEV PROJ. (FSDP),$200000000.00,$50000000.00,$0.00,$150000000.00,$127048299.60,$22951700.40,$22951700.40,11/15/2000,05/15/2015,03/24/1995,03/23/1995,03/27/1995,10/31/2000,01/09/2001
02/28/2014,IBRD38570,India,IDBI BANK LTD,POOL LOAN,REPAID,7.39,USD,P010563,FINANCIAL SECTOR DEV PROJ. (FSDP),$0.00,$0.00,$0.00,$0.00,$0.00,$0.00,$0.00,11/15/1998,05/15/2005,03/24/1995,03/23/1995,03/27/1995,10/31/2000,04/21/1997
02/28/2014,IBRD38576,India,IDBI BANK LTD,SNGL CRNCY,REPAID,3.64,USD,P010563,FINANCIAL SECTOR DEV PROJ. (FSDP),$144000000.00,$66300000.00,$0.00,$77700000.00,$77700000.00,$0.00,$0.00,11/15/1998,05/15/2005,03/24/1995,03/23/1995,03/27/1995,10/31/2001,02/20/2002
02/28/2014,IBRD3857S,India,IDBI BANK LTD,SCP USD,REPAID,5.46,USD,P010563,FINANCIAL SECTOR DEV PROJ. (FSDP),$6000000.00,$0.00,$0.00,$6000000.00,$6000000.00,$0.00,$0.00,11/15/1998,05/15/2005,03/24/1995,03/23/1995,03/27/1995,10/31/2000,
02/28/2014,IBRD38580,India,IDBI BANK LTD,SNGL CRNCY,CANCELLED,4.21,USD,P010563,FINANCIAL SECTOR DEV PROJ. (FSDP),$200000000.00,$200000000.00,$0.00,$0.00,$0.00,$0.00,$0.00,07/15/2003,01/15/2009,03/24/1995,03/23/1995,03/27/1995,10/31/2002,
02/28/2014,IBRD39070,India,CONTROLLER OF AID ACCOUNTS & AUDIT,POOL LOAN,REPAID,3.8,USD,P010461,MADRAS WAT SUP II,$6000000.00,$0.00,$0.00,$6000000.00,$6000000.00,$0.00,$0.00,02/15/2001,08/15/2015,11/20/1995,06/20/1995,02/14/1996,06/30/2002,01/20/1998
02/28/2014,IBRD39076,India,CONTROLLER OF AID ACCOUNTS & AUDIT,SNGL CRNCY,DISBURSED,0.59,USD,P010461,MADRAS WAT SUP II,$269800000.00,$194167182.00,$0.00,$75632818.00,$64214700.00,$11418118.00,$11418118.00,02/15/2001,08/15/2015,11/20/1995,06/20/1995,02/14/1996,03/31/2004,08/30/2004
02/28/2014,IBRD39230,India,CONTROLLER OF AID ACCOUNTS & AUDIT,POOL LOAN,REPAID,3.8,USD,P010480,BOMBAY SEW DISPOSAL,$32216756.94,$0.00,$0.00,$32216756.94,$32216756.94,$0.00,$0.00,02/15/2001,08/15/2015,12/28/1995,07/06/1995,03/22/1996,12/31/2003,05/29/1998
02/28/2014,IBRD3923A,India,CONTROLLER OF AID ACCOUNTS & AUDIT,SNGL CRNCY,DISBURSED,0.59,USD,P010480,BOMBAY SEW DISPOSAL,$134783243.06,$34245124.04,$0.00,$100538119.02,$85715424.00,$14822695.02,$14822695.02,02/15/2001,08/15/2015,12/28/1995,07/06/1995,03/22/1996,12/31/2003,08/04/2010
02/28/2014,IBRD39920,India,INFRASTRUCTURE LEASING & FINANCIAL SERV.,SNGL CRNCY,DISBURSED,0.62,USD,P039935,ILFS-Private Infrastructure Finance,$200000000.00,$168865696.89,$0.00,$31134303.11,$23907000.00,$7227303.11,$7227303.11,11/15/2001,05/15/2016,07/10/1996,03/28/1996,11/22/1996,09/30/2001,02/22/2002
02/28/2014,IBRD40140,India,CONTROLLER OF AID ACCOUNTS & AUDIT,POOL LOAN,REPAID,3.8,USD,P035170,ORISSA POWER SECTOR,$17329628.57,$0.00,$0.00,$17329628.57,$17329628.57,$0.00,$0.00,02/01/2002,08/01/2016,07/10/1996,05/14/1996,09/24/1996,06/30/2004,05/14/1998
02/28/2014,IBRD4014A,India,CONTROLLER OF AID ACCOUNTS & AUDIT,SNGL CRNCY,DISBURSED,0.59,USD,P035170,ORISSA POWER SECTOR,$332670371.43,$124592161.48,$0.00,$208078209.95,$159182745.12,$48895464.83,$48895464.83,02/15/2002,08/15/2016,07/10/1996,05/14/1996,09/24/1996,06/30/2004,12/13/2004
02/28/2014,IBRD40560,India,CONTROLLER OF AID ACCOUNTS & AUDIT,POOL LOAN,REPAID,3.8,USD,P010484,Uttar Pradesh & Uttaranchal Rural W,$5092404.12,$0.00,$0.00,$5092404.12,$5092404.12,$0.00,$0.00,03/01/2002,09/01/2016,07/22/1996,06/25/1996,08/28/1996,05/31/2003,04/27/1998
02/28/2014,IBRD4056A,India,CONTROLLER OF AID ACCOUNTS & AUDIT,SNGL CRNCY,DISBURSED,0.64,USD,P010484,Uttar Pradesh & Uttaranchal Rural W,$54507595.88,$21095282.57,$0.00,$33412313.31,$23943369.75,$9468943.56,$9468943.56,03/15/2002,09/15/2016,07/22/1996,06/25/1996,08/28/1996,05/31/2003,01/09/2004
02/28/2014,IBRD41140,India,CONTROLLER OF AID ACCOUNTS & AUDIT,SNGL CRNCY,DISBURSED,0.6,USD,P045600,TA ST'S RD INFRA DEV,$51500000.00,$8105461.05,$0.00,$43394538.95,$31514933.85,$11879605.10,$11879605.10,06/15/2002,12/15/2016,01/15/1997,12/05/1996,02/14/1997,12/31/2001,08/04/2010
02/28/2014,IBRD41560,India,CONTROLLER OF AID ACCOUNTS & AUDIT,SNGL CRNCY,DISBURSED,0.6,USD,P049301,A.P. EMERG. CYCLONE,$50000000.00,$24109258.11,$0.00,$25890741.89,$18017000.00,$7873741.89,$7873741.89,01/15/2003,07/15/2017,06/03/1997,05/06/1997,07/09/1997,07/31/2003,03/29/2004
02/28/2014,IBRD41660,India,CONTROLLER OF AID ACCOUNTS & AUDIT,SNGL CRNCY,DISBURSED,0.6,USD,P035158,Third Andhra Pradesh Irrigation Pro,$175000000.00,$68784673.66,$0.00,$106215326.34,$73902100.00,$32313226.34,$32313226.34,01/15/2003,07/15/2017,06/03/1997,05/20/1997,07/03/1997,07/31/2004,03/09/2005
02/28/2014,IBRD41920,India,CONTROLLER OF AID ACCOUNTS & AUDIT,SNGL CRNCY,DISBURSED,0.6,USD,P009995,ANDHRA PRADESH STATE HIGHWAY PROJEC,$350000000.00,$17459153.36,$0.00,$332540846.64,$227954800.00,$104586046.64,$104586046.64,01/15/2003,07/15/2017,07/30/1997,06/17/1997,10/02/1997,06/30/2004,12/29/2004
02/28/2014,IBRD42260,India,COAL INDIA LTD.,SNGL CRNCY,REPAID,0.62,USD,P009979,COAL SECTOR REHAB,$530000000.00,$284270518.37,$0.00,$245729481.63,$245729481.63,$0.00,$0.00,05/15/2003,11/15/2017,03/19/1998,09/09/1997,06/17/1998,06/30/2003,07/23/2003
02/28/2014,IBRD42710,India,CONTROLLER OF AID ACCOUNTS & AUDIT,SNGL CRNCY,DISBURSED,0.64,USD,P035160,HARYANA POWER APL-I,$60000000.00,$7653927.92,$0.00,$52346072.08,$31502600.00,$20843472.08,$20843472.08,09/15/2003,03/15/2018,01/16/1998,01/15/1998,03/20/1998,12/31/2000,05/16/2001
02/28/2014,IBRD42960,India,CONTROLLER OF AID ACCOUNTS & AUDIT,SNGL CRNCY,DISBURSED,0.62,USD,P010561,Natl Agr Technology,$96800000.00,$18756259.35,$0.00,$78043740.65,$47357700.00,$30686040.65,$30686040.65,11/15/2003,05/15/2018,06/22/1998,03/17/1998,11/19/1998,06/30/2005,11/29/2005
02/28/2014,IBRD43600,India,CONTROLLER OF AID ACCOUNTS & AUDIT,SNGL CRNCY,DISBURSED,0.64,USD,P049385,AP Econ Restructuring,$301300000.00,$14260361.92,$0.00,$287039638.08,$163550200.00,$123489438.08,$123489438.08,03/15/2004,09/15/2018,02/04/1999,06/25/1998,02/26/1999,03/31/2006,12/28/2006
02/28/2014,IBRD43650,India,CONTROLLER OF AID ACCOUNTS & AUDIT,SNGL CRNCY,DISBURSED,0.59,USD,P035824,Div Agri Support,$79900000.00,$879109.95,$0.00,$79020890.05,$47748800.00,$31272090.05,$31272090.05,02/15/2004,08/15/2018,07/30/1998,06/30/1998,09/23/1998,03/31/2004,09/29/2004
02/28/2014,IBRD44410,India,CONTROLLER OF AID ACCOUNTS & AUDIT,SNGL CRNCY,DISBURSED,0.87,USD,P049537,AP POWER APL I,$210000000.00,$40156058.67,$0.00,$169843941.33,$90350400.00,$79493541.33,$79493541.33,11/15/2004,05/15/2019,03/05/1999,02/18/1999,03/22/1999,08/31/2003,03/05/2004
02/28/2014,IBRD44780,India,CONTROLLER OF AID ACCOUNTS & AUDIT,SNGL CRNCY,DISBURSED,0.84,USD,P050637,TN URBAN DEV II,$105000000.00,$22559845.21,$0.00,$82440154.79,$44271700.00,$38168454.79,$38168454.79,02/15/2005,08/15/2019,07/14/1999,05/27/1999,10/13/1999,11/30/2004,05/03/2005
02/28/2014,IBRD44920,India,CONTROLLER OF AID ACCOUNTS & AUDIT,SNGL CRNCY,DISBURSED,0.84,USD,P041264,Wtrshd Mgmt Hills II,$85000000.00,$0.00,$0.00,$85000000.00,$45700000.00,$39300000.00,$39300000.00,02/15/2005,08/15/2019,07/14/1999,06/15/1999,09/15/1999,09/30/2005,02/06/2006
02/28/2014,IBRD45450,India,CONTROLLER OF AID ACCOUNTS & AUDIT,SNGL CRNCY,DISBURSED,0.85,USD,P035172,UP POWER SECTOR RESTRUCTURING PROJE,$150000000.00,$9696764.16,$0.00,$140303235.84,$62887900.00,$77415335.84,$77415335.84,01/15/2006,07/15/2020,05/19/2000,04/25/2000,08/11/2000,12/31/2004,05/31/2005
02/28/2014,IBRD45460,India,CONTROLLER OF AID ACCOUNTS & AUDIT,SNGL CRNCY,DISBURSED,0.85,USD,P065471,UP FISCAL REFORM & PUBLIC SECTOR RE,$126270000.00,$0.00,$0.00,$126270000.00,$56595000.00,$69675000.00,$69675000.00,01/15/2006,07/15/2020,05/16/2000,04/25/2000,05/23/2000,10/30/2000,05/31/2000
02/28/2014,IBRD45550,India,CONTROLLER OF AID ACCOUNTS & AUDIT,SNGL CRNCY,DISBURSED,0.84,USD,P055456,Telecoms Sector Reform TA,$62000000.00,$33383494.96,$0.00,$28616505.04,$12980000.00,$15636505.04,$15636505.04,02/15/2006,08/15/2020,08/11/2000,06/06/2000,08/29/2000,03/31/2006,09/22/2006
02/28/2014,IBRD45590,India,CONTROLLER OF AID ACCOUNTS & AUDIT,SNGL CRNCY,DISBURSED,0.84,USD,P009972,Natl Highways III,$516000000.00,$112065068.72,$0.00,$403934931.28,$186784289.79,$217150641.49,$217150641.49,02/15/2006,08/15/2020,08/11/2000,06/08/2000,10/02/2000,12/31/2007,05/28/2008
02/28/2014,IBRD45710,India,INDIAN RENEWABLE ENERGY DEVLOPMNT AGENCY,SNGL CRNCY,DISBURSED,0.6,USD,P049770,REN EGY II,$80000000.00,$26000000.00,$0.00,$54000000.00,$25060200.00,$28939800.00,$28939800.00,12/15/2005,06/15/2020,08/11/2000,06/27/2000,01/31/2001,03/31/2008,05/20/2008
02/28/2014,IBRD45770,India,CONTROLLER OF AID ACCOUNTS & AUDIT,SNGL CRNCY,DISBURSED,0.62,USD,P010566,Gujarat Highways,$381000000.00,$101000000.00,$0.00,$280000000.00,$116310700.00,$163689300.00,$163689300.00,05/15/2006,11/15/2020,10/18/2000,09/05/2000,11/28/2000,12/31/2007,05/27/2008
02/28/2014,IBRD45940,India,CONTROLLER OF AID ACCOUNTS & AUDIT,SNGL CRNCY,DISBURSED,0.87,USD,P038334,Rajasthan Power I,$180000000.00,$13812497.04,$0.00,$166187502.96,$61557800.00,$104629702.96,$104629702.96,10/15/2006,04/15/2021,02/27/2001,01/18/2001,03/12/2001,06/30/2006,12/22/2006
02/28/2014,IBRD46030,India,POWER GRID CORPORATION OF INDIA LIMITED,SNGL CRNCY,DISBURSED,0.6,USD,P035173,POWERGRID II,$450000000.00,$8846250.65,$0.00,$441153749.35,$169903100.00,$271250649.35,$271250649.35,12/15/2006,06/15/2021,06/13/2001,05/03/2001,11/21/2001,06/30/2006,11/08/2006
02/28/2014,IBRD46060,India,CONTROLLER OF AID ACCOUNTS & AUDIT,SNGL CRNCY,DISBURSED,0.84,USD,P070421,Karnataka Highways,$360000000.00,$0.00,$0.00,$360000000.00,$138564950.00,$221435050.00,$221435050.00,02/15/2007,08/15/2021,07/26/2001,05/24/2001,08/28/2001,10/31/2007,02/25/2008
02/28/2014,IBRD46200,India,CONTROLLER OF AID ACCOUNTS & AUDIT,SNGL CRNCY,DISBURSED,0.89,USD,P055490,KARN SAL I,$75000000.00,$0.00,$0.00,$75000000.00,$26935000.00,$48065000.00,$48065000.00,03/15/2007,09/15/2021,07/26/2001,06/21/2001,08/16/2001,12/31/2001,08/21/2001
02/28/2014,IBRD46220,India,CONTROLLER OF AID ACCOUNTS & AUDIT,SNGL CRNCY,DISBURSED,0.89,USD,P071244,Grand Trunk Road Improvement Projec,$589000000.00,$101877749.37,$0.00,$487122250.63,$180466478.35,$306655772.28,$306655772.28,03/15/2007,09/15/2021,07/27/2001,06/21/2001,11/21/2001,06/30/2008,10/31/2008
02/28/2014,IBRD46510,India,CONTROLLER OF AID ACCOUNTS & AUDIT,SNGL CRNCY,DISBURSED,0.87,USD,P073113,Andhra Pradesh Economic Reform Ln/C,$125000000.00,$0.00,$0.00,$125000000.00,$47605000.00,$77395000.00,$77395000.00,11/15/2007,05/15/2022,03/15/2002,03/14/2002,03/20/2002,09/30/2002,03/22/2002
02/28/2014,IBRD46520,India,CONTROLLER OF AID ACCOUNTS & AUDIT,SNGL CRNCY,DISBURSED,0.89,USD,P059149,KARN SAL II,$50000000.00,$0.00,$0.00,$50000000.00,$19035000.00,$30965000.00,$30965000.00,09/15/2007,03/15/2022,03/15/2002,03/14/2002,03/19/2002,09/30/2002,03/21/2002
02/28/2014,IBRD46530,India,CONTROLLER OF AID ACCOUNTS & AUDIT,SNGL CRNCY,DISBURSED,0.85,USD,P072539,IN: Kerala State Transport,$255000000.00,$22990126.74,$0.00,$232009873.26,$99840394.87,$132169478.39,$132169478.39,06/15/2007,12/15/2021,05/06/2002,03/14/2002,06/06/2002,12/31/2010,05/13/2011
02/28/2014,IBRD46650,India,CONTROLLER OF AID ACCOUNTS & AUDIT,SNGL CRNCY,DISBURSED,0.89,USD,P050668,IN: MUMBAI URBAN TRANSPORT PROJECT,$463000000.00,$93731635.82,$0.00,$369268364.18,$149636623.47,$219631740.71,$219631740.71,03/15/2008,09/15/2022,08/05/2002,06/18/2002,11/06/2002,06/15/2011,08/24/2012
02/28/2014,IBRD46840,India,CONTROLLER OF AID ACCOUNTS & AUDIT,SNGL CRNCY,DISBURSED,0.89,USD,P067606,IN: UP Roads,$488000000.00,$42439695.13,$0.00,$445560304.87,$150569269.19,$294991035.68,$294991035.68,09/15/2008,03/15/2023,02/19/2003,12/19/2002,04/02/2003,12/31/2010,04/29/2011
02/28/2014,IBRD47060,India,CONTROLLER OF AID ACCOUNTS & AUDIT,SNGL CRNCY,DISBURSED,0.89,USD,P050649,IN: TN ROADS,$348000000.00,$1797074.83,$0.00,$346202925.17,$105680807.98,$240522117.19,$240522117.19,03/15/2009,09/15/2023,08/28/2003,06/17/2003,10/31/2003,03/31/2012,08/08/2012
02/28/2014,IBRD47190,India,CONTROLLER OF AID ACCOUNTS & AUDIT,SNGL CRNCY,DISBURSED,0.87,USD,P073776,ALLAHABAD BYPASS,$240000000.00,$10071851.90,$0.00,$229928148.10,$70956708.14,$158971439.96,$158971439.96,04/15/2009,10/15/2023,12/16/2003,10/14/2003,03/15/2004,06/30/2009,11/18/2009
02/28/2014,IBRD47250,India,CONTROLLER OF AID ACCOUNTS & AUDIT,SNGL CRNCY,DISBURSED,0.87,USD,P075191,AP SAL II,$110000000.00,$0.00,$0.00,$110000000.00,$30235000.00,$79765000.00,$79765000.00,10/15/2009,04/15/2024,02/13/2004,02/10/2004,02/19/2004,08/15/2004,02/25/2004
02/28/2014,IBRD47300,India,CONTROLLER OF AID ACCOUNTS & AUDIT,SNGL CRNCY,DISBURSED,0.85,USD,P082510,IN: Karnataka UWS Improvement Proje,$39500000.00,$3013358.25,$0.00,$36486641.75,$10314326.64,$26172315.11,$26172315.11,12/15/2009,06/15/2024,02/18/2005,04/08/2004,05/18/2005,03/31/2011,10/03/2011
02/28/2014,IBRD47490,India,CONTROLLER OF AID ACCOUNTS & AUDIT,SNGL CRNCY,DISBURSING,0.89,USD,P084632,IN: Hydrology II,$104980000.00,$0.00,$26510701.60,$78469298.40,$24960000.00,$53509298.40,$80020000.00,03/15/2010,09/15/2024,01/19/2006,08/24/2004,04/05/2006,05/31/2014,02/27/2014
02/28/2014,IBRD47500,India,CONTROLLER OF AID ACCOUNTS & AUDIT,SNGL CRNCY,DISBURSING,0.87,USD,P073370,IN: Madhya Pradesh Water Sector Res,$394020000.00,$6617713.00,$127987224.18,$259415062.82,$92116441.48,$167298621.34,$295285845.52,05/15/2010,11/15/2024,11/30/2004,09/07/2004,01/11/2005,06/30/2015,02/14/2014
02/28/2014,IBRD47530,India,CONTROLLER OF AID ACCOUNTS & AUDIT,SNGL CRNCY,DISBURSED,0.85,USD,P077977,IN: Rural Roads Project,$99500000.00,$0.00,$0.00,$99500000.00,$23655000.00,$75845000.00,$75845000.00,06/15/2010,12/15/2024,11/08/2004,09/23/2004,03/16/2005,03/31/2012,08/03/2012
02/28/2014,IBRD47560,India,CONTROLLER OF AID ACCOUNTS & AUDIT,SNGL CRNCY,DISBURSED,0.89,USD,P081882,Orissa SAL I,$85000000.00,$0.00,$0.00,$85000000.00,$20220000.00,$64780000.00,$64780000.00,03/15/2010,09/15/2024,11/10/2004,11/02/2004,12/02/2004,07/31/2005,12/10/2004
02/28/2014,IBRD47640,India,CONTROLLER OF AID ACCOUNTS & AUDIT,SNGL CRNCY,DISBURSED,0.89,USD,P077856,IN: Lucknow-Muzaffarpur National Hi,$620000000.00,$0.00,$0.00,$620000000.00,$124805000.00,$495195000.00,$495195000.00,09/15/2010,03/15/2025,11/18/2005,12/21/2004,12/28/2005,06/30/2012,11/26/2012
02/28/2014,IBRD47960,India,CONTROLLER OF AID ACCOUNTS & AUDIT,SNGL CRNCY,DISBURSING,0.89,USD,P084790,IN: MAHAR WSIP,$325000000.00,$0.00,$34228094.13,$290771905.87,$52115000.00,$238656905.87,$272885000.00,03/15/2011,09/15/2025,08/19/2005,06/23/2005,09/29/2005,03/28/2014,02/11/2014
02/28/2014,IBRD47980,India,CONTROLLER OF AID ACCOUNTS & AUDIT,SNGL CRNCY,DISBURSING,0.89,USD,P083780,IN: TN Urban III,$300000000.00,$642284.01,$35032867.48,$264324848.51,$48540853.65,$215783994.86,$250816862.34,03/15/2011,09/15/2025,09/14/2005,07/05/2005,10/19/2005,03/31/2014,02/11/2014
02/28/2014,IBRD48130,India,POWER GRID CORPORATION OF INDIA LIMITED,SNGL CRNCY,DISBURSED,0.89,USD,P086414,IN: Power System Development Projec,$400000000.00,$0.00,$0.00,$400000000.00,$50265000.00,$349735000.00,$349735000.00,09/15/2011,03/15/2026,05/02/2006,01/19/2006,12/15/2006,07/31/2011,12/15/2011
02/28/2014,IBRD48180,India,CONTROLLER OF AID ACCOUNTS & AUDIT,SNGL CRNCY,DISBURSING,0.87,USD,P079675,IN: Karn Municipal Reform,$216000000.00,$0.00,$65447582.76,$150552417.24,$27440000.00,$123112417.24,$188560000.00,10/15/2011,04/15/2026,05/02/2006,03/14/2006,06/30/2006,03/31/2015,02/28/2014
02/28/2014,IBRD48370,India,CONTROLLER OF AID ACCOUNTS & AUDIT,SNGL CRNCY,DISBURSED,0.87,USD,P097036,Orissa Socio-Econ Dev Loan/Credit I,$150000000.00,$0.00,$0.00,$150000000.00,$13745000.00,$136255000.00,$136255000.00,04/15/2012,10/15/2026,08/28/2006,08/01/2006,09/29/2006,06/30/2008,06/09/2008
02/28/2014,IBRD48430,India,CONTROLLER OF AID ACCOUNTS & AUDIT,SNGL CRNCY,DISBURSING,0.85,USD,P090585,IN: Punjab State Road Sector Projec,$250000000.00,$0.00,$82943730.99,$167056269.01,$22290000.00,$144766269.01,$227710000.00,06/15/2012,12/15/2026,02/26/2007,12/05/2006,04/02/2007,06/05/2017,02/13/2014
02/28/2014,IBRD48450,India,CONTROLLER OF AID ACCOUNTS & AUDIT,SNGL CRNCY,DISBURSED,0.89,USD,P075174,IN: AP DPL III,$150000000.00,$0.00,$0.00,$150000000.00,$9870000.00,$140130000.00,$140130000.00,09/15/2012,03/15/2027,02/08/2007,01/11/2007,02/23/2007,06/30/2010,03/26/2010
02/28/2014,IBRD48460,India,CONTROLLER OF AID ACCOUNTS & AUDIT,SNGL CRNCY,DISBURSING,0.87,USD,P090768,IN: TN IAM WARM,$335000000.00,$0.00,$171689940.61,$163310059.39,$22045000.00,$141265059.39,$312955000.00,10/15/2012,04/15/2027,02/12/2007,01/23/2007,04/09/2007,09/30/2014,12/19/2013
02/28/2014,IBRD48570,India,CONTROLLER OF AID ACCOUNTS & AUDIT,SNGL CRNCY,DISBURSING,0.85,USD,P100789,IN: AP Community Tank Management Pr,$94500000.00,$0.00,$30713611.97,$63786388.03,$6240000.00,$57546388.03,$88260000.00,01/15/2013,07/15/2027,06/08/2007,04/19/2007,07/27/2007,09/30/2014,02/28/2014
02/28/2014,IBRD48600,India,CONTROLLER OF AID ACCOUNTS & AUDIT,SNGL CRNCY,DISBURSING,0.85,USD,P096019,IN: HP State Roads Project,$220000000.00,$0.00,$70343516.21,$149656483.79,$14555000.00,$135101483.79,$205445000.00,01/15/2013,07/15/2027,08/07/2007,06/05/2007,10/05/2007,06/30/2016,01/31/2014
02/28/2014,IBRD48620,India,CONTROLLER OF AID ACCOUNTS & AUDIT,SNGL CRNCY,DISBURSED,0.4,USD,P102768,IN: Stren India's Rural Credit Coop,$300000000.00,$163771890.76,$0.00,$136228109.24,$12372770.03,$123855339.21,$123855339.21,02/15/2013,08/15/2027,11/02/2007,06/26/2007,12/31/2007,06/30/2013,04/18/2012
02/28/2014,IBRD48700,India,SATLUJ JAL VIDYUT NIGAM LIMITED,SNGL CRNCY,DISBURSING,0.43,USD,P095114,IN: Rampur Hydropower Project,$400000000.00,$0.00,$12967172.92,$387032827.08,$17389985.00,$369642842.08,$382610015.00,05/15/2013,11/15/2027,01/15/2008,09/13/2007,04/14/2008,12/31/2014,01/10/2014
02/28/2014,IBRD48710,India,CONTROLLER OF AID ACCOUNTS & AUDIT,SNGL CRNCY,DISBURSED,0.41,USD,P105124,IN: HP DPL I,$135000000.00,$0.00,$0.00,$135000000.00,$5870000.00,$129130000.00,$129130000.00,06/15/2013,12/15/2027,11/19/2007,09/25/2007,12/18/2007,12/31/2009,11/25/2009
02/28/2014,IBRD48720,India,CONTROLLER OF AID ACCOUNTS & AUDIT,SNGL CRNCY,DISBURSED,0.41,USD,P071033,IN: KARN Tank Mgmt,$32000000.00,$9707821.99,$0.00,$22292178.01,$968316.49,$21323861.52,$21323861.52,06/15/2013,12/15/2027,11/02/2007,09/25/2007,01/14/2008,01/31/2012,06/13/2012
02/28/2014,IBRD48790,India,CONTROLLER OF AID ACCOUNTS & AUDIT,SNGL CRNCY,DISBURSED,0.45,USD,P102737,IN: Bihar DPL,$150000000.00,$0.00,$0.00,$150000000.00,$3240000.00,$146760000.00,$146760000.00,09/15/2013,03/15/2028,01/15/2008,12/20/2007,02/27/2008,12/31/2009,11/24/2009
02/28/2014,IBRD48900,India,POWER GRID CORPORATION OF INDIA LIMITED,SNGL CRNCY,DISBURSING,0.43,USD,P101653,IN: Power System Development  Proje,$600000000.00,$0.00,$24852698.34,$575147301.66,$13280000.00,$561867301.66,$586720000.00,11/15/2013,05/15/2028,03/28/2008,03/18/2008,05/16/2008,07/31/2014,02/11/2014
02/28/2014,IBRD72630,India,SMALL INDUSTRIES DEVELOPMENT BK OF INDIA,FSL,DISBURSED,0,USD,P086518,IN: SME Financing & Development,$120000000.00,$0.00,$0.00,$120000000.00,$48000000.00,$72000000.00,$72000000.00,05/15/2010,11/15/2019,01/14/2005,11/30/2004,04/29/2005,06/30/2009,06/23/2008
02/28/2014,IBRD75760,India,CONTROLLER OF AID ACCOUNTS & AUDIT,FSL,DISBURSING,0,USD,P100735,IN:Orissa Community Tank Management,$56000000.00,$17530000.00,$30870850.98,$7599149.02,$131726.23,$7467422.79,$38338273.77,02/15/2014,08/15/2038,01/27/2009,09/30/2008,03/17/2009,06/30/2016,12/23/2013
02/28/2014,IBRD75770,India,CONTROLLER OF AID ACCOUNTS & AUDIT,FSL,DISBURSING,0,USD,P096023,IN: Orissa State Roads,$250000000.00,$54000000.00,$145096924.31,$50903075.69,$0.00,$50903075.69,$196000000.00,06/15/2014,12/15/2037,01/27/2009,09/30/2008,04/15/2009,06/30/2016,02/20/2014
02/28/2014,IBRD75930,India,POWER GRID CORPORATION OF INDIA LIMITED,FSL,DISBURSING,0,USD,P101653,IN: Power System Development  Proje,$400000000.00,$0.00,$65066162.33,$334933837.67,$16481062.46,$318452775.21,$383518937.54,02/01/2013,08/01/2038,01/27/2009,10/21/2008,03/30/2009,07/31/2014,02/11/2014
02/28/2014,IBRD76130,India,India Infrastructure Finance Company Ltd,FSL,DISBURSING,0,USD,P102771,IN:  IIFCL - India Infras Finance C,$1195000000.00,$1000000000.00,$159345912.26,$35654087.74,$0.00,$35654087.74,$195000000.00,04/15/2017,04/15/2037,10/13/2009,09/22/2009,11/05/2009,09/30/2015,11/22/2013
02/28/2014,IBRD76870,India,CONTROLLER OF AID ACCOUNTS & AUDIT,FSL,DISBURSING,0,USD,P100101,IN: Coal-Fired Generation Rehabilit,$180000000.00,$0.00,$139194398.13,$40805601.87,$0.00,$40805601.87,$180000000.00,12/15/2014,06/15/2039,12/17/2009,06/18/2009,03/19/2010,11/30/2014,03/05/2014
02/28/2014,IBRD76940,India,SMALL INDUSTRIES DEVELOPMENT BK OF INDIA,FSL,DISBURSED,0,USD,P086518,IN: SME Financing & Development,$400000000.00,$0.00,$0.00,$400000000.00,$0.00,$400000000.00,$400000000.00,06/15/2014,06/15/2024,06/05/2009,04/30/2009,07/30/2009,06/30/2013,09/26/2013
02/28/2014,IBRD77480,India,CONTROLLER OF AID ACCOUNTS & AUDIT,FSL,DISBURSING,0,USD,P110051,IN: Haryana Power System Improv Pro,$330000000.00,$0.00,$149453600.51,$180546399.49,$0.00,$180546399.49,$330000000.00,02/01/2015,08/01/2039,08/17/2009,08/04/2009,10/15/2009,12/31/2014,02/12/2014
02/28/2014,IBRD77870,India,POWER GRID CORPORATION OF INDIA LIMITED,FSL,DISBURSING,0,USD,P115566,IN: POWERGRID V,$1000000000.00,$0.00,$531275408.41,$468724591.59,$0.00,$468724591.59,$1000000000.00,01/15/2015,01/15/2039,10/13/2009,09/22/2009,01/08/2010,06/30/2015,02/14/2014
02/28/2014,IBRD77880,India,CONTROLLER OF AID ACCOUNTS & AUDIT,FSL,DISBURSED,0,USD,P116020,IN: Banking Sector Support Loan,$2000000000.00,$0.00,$0.00,$2000000000.00,$0.00,$2000000000.00,$2000000000.00,02/01/2015,08/01/2039,10/13/2009,09/22/2009,12/01/2009,06/30/2010,04/30/2010
02/28/2014,IBRD77920,India,CONTROLLER OF AID ACCOUNTS & AUDIT,FSL,DISBURSING,0,USD,P096021,IN: AP Road Sector Project,$320000000.00,$0.00,$221520744.45,$98479255.55,$0.00,$98479255.55,$320000000.00,07/15/2015,07/15/2039,01/22/2010,10/15/2009,03/23/2010,06/30/2015,02/14/2014
02/28/2014,IBRD77960,India,CONTROLLER OF AID ACCOUNTS & AUDIT,FSL,DISBURSED,0,USD,P108489,IN: Statistical Strenghening Loan,$107000000.00,$0.00,$0.00,$107000000.00,$0.00,$107000000.00,$107000000.00,07/15/2015,01/15/2040,07/09/2010,06/01/2010,08/11/2010,07/30/2011,09/23/2010
02/28/2014,IBRD78160,India,CONTROLLER OF AID ACCOUNTS & AUDIT,FSL,DISBURSING,0,USD,P071250,IN: AP Municipal Development,$300000000.00,$0.00,$258242793.54,$41757206.46,$0.00,$41757206.46,$300000000.00,11/15/2016,05/15/2038,01/22/2010,12/10/2009,03/23/2010,12/31/2015,02/25/2014
02/28/2014,IBRD78180,India,CONTROLLER OF AID ACCOUNTS & AUDIT,FSL,DISBURSING,0,USD,P110371,IN: Sustainable Urban Transport Pro,$105230000.00,$0.00,$76925396.27,$28304603.73,$0.00,$28304603.73,$105230000.00,01/15/2015,07/15/2039,02/05/2010,12/10/2009,05/03/2010,11/30/2015,02/21/2014
02/28/2014,IBRD78650,India,CONTROLLER OF AID ACCOUNTS & AUDIT,FSL,DISBURSED,0,USD,P050649,IN: TN ROADS,$50700000.00,$12641202.41,$0.00,$38058797.59,$0.00,$38058797.59,$38058797.59,09/15/2015,03/15/2035,07/06/2010,03/30/2010,08/11/2010,03/31/2012,08/13/2012
02/28/2014,IBRD78970,India,CONTROLLER OF AID ACCOUNTS & AUDIT,FSL,DISBURSING,0,USD,P100954,IN: AP Water Sector Improvement Pro,$450600000.00,$0.00,$318176140.68,$132423859.32,$0.00,$132423859.32,$450600000.00,11/15/2015,05/15/2040,08/14/2010,06/03/2010,09/10/2010,07/31/2016,12/09/2013
02/28/2014,IBRD79230,India,SMALL INDUSTRIES DEVELOPMENT BK OF INDIA,FSL,DISBURSING,0,USD,P119043,IN: Microf-Scaling Up Sustnble & Re,$200000000.00,$0.00,$108018434.53,$91981565.47,$0.00,$91981565.47,$200000000.00,12/15/2024,12/15/2034,07/09/2010,06/01/2010,08/18/2010,06/30/2015,01/24/2014
02/28/2014,IBRD79240,India,CONTROLLER OF AID ACCOUNTS & AUDIT,FSL,DISBURSING,0,USD,P091031,IN: CBldg for Indus Poll Mgt,$25210000.00,$0.00,$25146975.00,$63025.00,$0.00,$63025.00,$25210000.00,12/01/2015,06/01/2040,07/22/2010,06/03/2010,10/13/2010,09/30/2015,10/13/2010
02/28/2014,IBRD79410,India,CONTROLLER OF AID ACCOUNTS & AUDIT,FSL,DISBURSING,0,USD,P113028,IN: Mumbai Urban Transport Project-,$430000000.00,$45000000.00,$311954002.22,$73045997.78,$0.00,$73045997.78,$385000000.00,12/15/2015,06/15/2040,07/23/2010,06/29/2010,10/08/2010,06/15/2015,02/26/2014
02/28/2014,IBRD79430,India,CONTROLLER OF AID ACCOUNTS & AUDIT,FSL,DISBURSING,0,USD,P089985,IN: Dam Rehabilitation & Improvemen,$175000000.00,$0.00,$174562500.00,$437500.00,$0.00,$437500.00,$175000000.00,12/15/2015,06/15/2040,12/21/2011,06/29/2010,04/18/2012,06/30/2018,04/18/2012
02/28/2014,IBRD79800,India,CONTROLLER OF AID ACCOUNTS & AUDIT,FSL,DISBURSING,0,USD,P121515,IN: NHAI Technical Assistance Proje,$45000000.00,$0.00,$40387500.00,$4612500.00,$0.00,$4612500.00,$45000000.00,01/15/2016,01/15/2029,12/22/2010,11/30/2010,03/21/2011,07/31/2016,02/07/2014
02/28/2014,IBRD79950,India,CONTROLLER OF AID ACCOUNTS & AUDIT,FSL,DISBURSING,0,USD,P124639,IN: PMGSY Rural Roads Project,$500000000.00,$0.00,$498750000.00,$1250000.00,$0.00,$1250000.00,$500000000.00,06/15/2016,12/15/2028,01/14/2011,12/20/2010,02/18/2011,11/30/2015,02/18/2011
02/28/2014,IBRD80220,India,CONTROLLER OF AID ACCOUNTS & AUDIT,FSL,DISBURSING,0,USD,P107649,IN:Karnataka State Highway Improv P,$350000000.00,$0.00,$300657613.17,$49342386.83,$0.00,$49342386.83,$350000000.00,09/15/2016,03/15/2029,05/30/2011,03/24/2011,07/19/2011,12/31/2016,01/29/2014
02/28/2014,IBRD80290,India,CONTROLLER OF AID ACCOUNTS & AUDIT,FSL,DISBURSED,0,USD,P108258,IN: E-Delivery of Public Services,$150000000.00,$0.00,$0.00,$150000000.00,$0.00,$150000000.00,$150000000.00,09/15/2016,03/15/2029,05/10/2011,03/31/2011,07/05/2011,06/30/2012,12/20/2011
02/28/2014,IBRD80650,India,CONTROLLER OF AID ACCOUNTS & AUDIT,FSL,DISBURSING,0,USD,P119085,IN: National Ganga River Basin Proj,$801000000.00,$0.00,$798997500.00,$2002500.00,$0.00,$2002500.00,$801000000.00,11/15/2016,05/15/2029,06/14/2011,05/31/2011,08/18/2011,12/31/2019,08/18/2011
02/28/2014,IBRD80660,India,CONTROLLER OF AID ACCOUNTS & AUDIT,FSL,DISBURSING,0,USD,P114338,IN: Eastern Dedicated Freight Corri,$975000000.00,$0.00,$935635680.32,$39364319.68,$0.00,$39364319.68,$975000000.00,11/15/2018,05/15/2033,10/27/2011,05/31/2011,12/30/2011,06/30/2017,02/20/2014
02/28/2014,IBRD80780,India,THDC India Limited,FSL,DISBURSING,0,USD,P096124,IN: Vishnugad Pipalkoti HEP,$648000000.00,$0.00,$646344512.45,$1655487.55,$0.00,$1655487.55,$648000000.00,11/15/2017,05/15/2040,08/10/2011,06/30/2011,11/07/2011,12/31/2017,11/15/2013
02/28/2014,IBRD80900,India,CONTROLLER OF AID ACCOUNTS & AUDIT,FSL,DISBURSING,0,USD,P105311,IN: WB Minor Irrigation Project,$125000000.00,$0.00,$123775042.69,$1224957.31,$0.00,$1224957.31,$125000000.00,03/15/2017,09/15/2029,12/21/2011,10/04/2011,03/19/2012,12/31/2017,10/04/2013
02/28/2014,IBRD81360,India,CONTROLLER OF AID ACCOUNTS & AUDIT,FSL,DISBURSING,0,USD,P096018,IN: Assam State Roads Project,$320000000.00,$0.00,$306660393.36,$13339606.64,$0.00,$13339606.64,$320000000.00,09/15/2017,03/15/2030,11/05/2012,03/13/2012,01/25/2013,03/31/2018,02/20/2014
02/28/2014,IBRD81960,India,CONTROLLER OF AID ACCOUNTS & AUDIT,FSL,DISBURSED,0,USD,P124041,IN: HP DPL Green Growth,$100000000.00,$0.00,$0.00,$100000000.00,$0.00,$100000000.00,$100000000.00,03/01/2018,09/01/2030,09/29/2012,09/06/2012,12/03/2012,09/30/2013,12/27/2012
02/28/2014,IBRD81990,India,CONTROLLER OF AID ACCOUNTS & AUDIT,FSL,DISBURSING,0,USD,P096019,IN: HP State Roads Project,$61700000.00,$0.00,$61545750.00,$154250.00,$0.00,$154250.00,$61700000.00,05/15/2018,11/15/2030,01/21/2013,10/25/2012,03/08/2013,06/30/2016,03/08/2013
02/28/2014,IBRD82540,India,CONTROLLER OF AID ACCOUNTS & AUDIT,FSL,DISBURSING,0,USD,P130339,IN: Kerala State Transport Project,$216000000.00,$0.00,$210819836.96,$5180163.04,$0.00,$5180163.04,$216000000.00,09/15/2018,03/15/2031,06/19/2013,05/14/2013,09/06/2013,04/30/2019,01/30/2014
02/28/2014,IBRD83010,India,CONTROLLER OF AID ACCOUNTS & AUDIT,FSL,APPROVED,0,USD,P121185,Natl Highways Inter-Conn,$500000000.00,$0.00,$500000000.00,$0.00,$0.00,$0.00,$500000000.00,03/15/2019,09/15/2031,,10/29/2013,,06/30/2019,
02/28/2014,IBRD83130,India,CONTROLLER OF AID ACCOUNTS & AUDIT,FSL,SIGNED,0,USD,P114827,Second Gujarat State Highway Projec,$175000000.00,$0.00,$175000000.00,$0.00,$0.00,$0.00,$175000000.00,06/01/2019,12/01/2031,02/12/2014,12/13/2013,05/13/2014,01/31/2019,
